"Address","Word Count","Closest Similarity Match","No. Near Duplicates","Total Language Errors","Spelling Errors","Grammar Errors","Language","Hash","Indexability","Indexability Status"
"https://www.columbusrecoverycenter.com/","2333","","","43","27","16","en-US","d507288731463ce4ea3e76ec8071a13b","Indexable",""
"https://www.columbusrecoverycenter.com/admissions/checklist/","1139","","","1","0","1","en-US","60246f54b7aae2e29b297ec81242706","Indexable",""
"https://www.columbusrecoverycenter.com/admissions/","907","","","14","8","6","en-US","90fce878088bfa4f4d5c891f33dab370","Indexable",""
"https://www.columbusrecoverycenter.com/treatment-programs/outpatient/","2016","","","51","28","23","en-US","d012436e4db5428dce83d3fde0313d6","Indexable",""
"https://www.columbusrecoverycenter.com/ohio-rehab/mansfield/","2100","","","15","11","4","en-US","115846c96560b64fcb84a12b32156cd7","Indexable",""
"https://www.columbusrecoverycenter.com/ohio-rehab/toledo/","2210","","","24","14","10","en-US","1bcd8509a530b9462dcc3b9e6818300a","Indexable",""
"https://www.columbusrecoverycenter.com/ohio-rehab/groveport/","2092","","","50","46","4","en-US","792f8a0c17bb7f46576dd38fefde41d0","Indexable",""
"https://www.columbusrecoverycenter.com/privacy-policy/","3428","","","24","6","18","en-US","2e0f383481a2afd842c6f4fa04c171a3","Indexable",""
"https://www.columbusrecoverycenter.com/depression-resource-guide/","2037","","","21","19","2","en-US","367d4c6275f4aef591a3c60f1211ee3b","Indexable",""
"https://www.columbusrecoverycenter.com/drugs/","2102","","","45","17","28","en-US","26eea160df02c41fd7daacba31037641","Indexable",""
"https://www.columbusrecoverycenter.com/prescription-drug-abuse-in-america/","2321","","","43","18","25","en-US","69ff87b331de8e459009e2e066239805","Indexable",""
"https://www.columbusrecoverycenter.com/treatment-programs/intensive-outpatient/","1771","","","46","30","16","en-US","171e0faa446f0c93ed03755925be5017","Indexable",""
"https://www.columbusrecoverycenter.com/ohio-rehab/cleveland/","2529","","","31","12","19","en-US","62ea747e4fcc0b81b3123055a81249a4","Indexable",""
"https://www.columbusrecoverycenter.com/our-team/","436","","","6","4","2","en-US","e6c8f52b6fe471e0c5c9caafd0242e9e","Indexable",""
"https://www.columbusrecoverycenter.com/treatment-programs/partial-hospitalization/","1912","","","43","27","16","en-US","fdf56dfe530dbb811b2127c46a46f57e","Indexable",""
"https://www.columbusrecoverycenter.com/ohio-rehab/springfield/","2262","","","23","14","9","en-US","13207cf801b7a653b61d8e0baf0a67f6","Indexable",""
"https://www.columbusrecoverycenter.com/ohio-rehab/dayton/","2132","","","19","11","8","en-US","b54060108a83cb838d6bf561aa7f635e","Indexable",""
"https://www.columbusrecoverycenter.com/treatment-programs/","2006","","","55","30","25","en-US","a2c04dbb882825b246a836705eb69f04","Indexable",""
"https://www.columbusrecoverycenter.com/ohio-rehab/lorain/","2261","","","21","13","8","en-US","5fd937d14520b436eb2daaf8f926348c","Indexable",""
"https://www.columbusrecoverycenter.com/treatment-programs/aftercare/","1947","","","57","31","26","en-US","101a32935ee4d290b0ebde6661492e60","Indexable",""
"https://www.columbusrecoverycenter.com/treatment-programs/residential-rehabilitation/","1910","","","48","30","18","en-US","5bb71c856167aa1a458098a20b9cdc54","Indexable",""
"https://www.columbusrecoverycenter.com/online-terms-conditions-use/","2840","","","62","37","25","en-US","738aa6d9c4f39e8a51cebef716a4776d","Indexable",""
"https://www.columbusrecoverycenter.com/veterans/","1692","","","11","11","0","en-US","ceae8f2c94a2dd99e09e6f0b3b0244eb","Indexable",""
"https://www.columbusrecoverycenter.com/continuing-education/","778","","","15","9","6","en-US","e5d5d797d045b5dac644391721f3f174","Non-Indexable","Canonicalised"
"https://www.columbusrecoverycenter.com/drug-addiction-hotline/","1058","","","14","6","8","en-US","d3a9f66d8b5f56b805fc2a9f7b0ab5e2","Indexable",""
"https://www.columbusrecoverycenter.com/ohio-rehab/canton/","2131","","","15","9","6","en-US","fda7d070a0385b99611361d52107c1d2","Indexable",""
"https://www.columbusrecoverycenter.com/recovery-blog/","844","","","49","45","4","en-US","27edeec036d59e5f0bc10ae33520ad","Indexable",""
"https://www.columbusrecoverycenter.com/blog/adderall-and-alcohol/","1304","","","29","13","16","en-US","caaba52d1339dd2a121ef0cfb6ac0c1e","Indexable",""
"https://www.columbusrecoverycenter.com/facility/","303","","","2","1","1","en-US","ee7b8ff34e1fb092f05d6cdb8c4185fc","Indexable",""
"https://www.columbusrecoverycenter.com/alcohol-addiction-resource-guide/","1519","","","19","9","10","en-US","92f706bf7fb2110a1f1fb93c5b8e30dd","Indexable",""
"https://www.columbusrecoverycenter.com/admissions/faqs/","1431","","","13","5","8","en-US","bd4afdd989ed655834fbbdcd91915c3d","Indexable",""
"https://www.columbusrecoverycenter.com/admissions/insurance/","961","","","14","6","8","en-US","6aa2a5812eeb5aa049f03c79c9cf13c5","Indexable",""
"https://www.columbusrecoverycenter.com/ohio-rehab/newark/","2306","","","18","10","8","en-US","ab9f3f1f1fdbfdea4d7dc606a7b2ca11","Indexable",""
"https://www.columbusrecoverycenter.com/marijuana-abuse-resources/","973","","","6","5","1","en-US","8f1ebebd6beb19217819d4159a7eb9ef","Indexable",""
"https://www.columbusrecoverycenter.com/fortitude/","1488","","","32","14","18","en-US","f152adde1f4b8caa56d800d2347f123f","Indexable",""
"https://www.columbusrecoverycenter.com/students/","408","","","1","0","1","en-US","a0d933f4d7a3a5325c6700f6c008aa2","Indexable",""
"https://www.columbusrecoverycenter.com/about/","1550","","","38","28","10","en-US","e30b5a69d10ab83530a8bda67c0c8f93","Indexable",""
"https://www.columbusrecoverycenter.com/online-recovery-meetings/","1650","","","10","3","7","en-US","df4745a34cc2e948607e14ed13b1a9e7","Non-Indexable","Canonicalised"
"https://www.columbusrecoverycenter.com/ohio-rehab/marion/","2262","","","22","15","7","en-US","164c3d85642cb44120743dbf35eb0fc7","Indexable",""
"https://www.columbusrecoverycenter.com/ohio-rehab/cincinnati/","2602","","","23","15","8","en-US","e8fff382c6794f6a521986b2c84e8e58","Indexable",""
"https://www.columbusrecoverycenter.com/outreach/","537","","","5","3","2","en-US","5632e5bf03969de7fa6845c4ee573835","Indexable",""
"https://www.columbusrecoverycenter.com/treatment-programs/telehealth-app/","1525","","","27","17","10","en-US","5c1340087d2ea8fd1d7ce238bb811185","Non-Indexable","Canonicalised"
"https://www.columbusrecoverycenter.com/ohio-rehab/westerville/","2185","","","22","15","7","en-US","2b9a42f274be3869d6e64a563270625e","Indexable",""
"https://www.columbusrecoverycenter.com/ohio-rehab/","318","","","5","4","1","en-US","1108c5be2f27b3e2d26f12fe2fa2e34d","Indexable",""
"https://www.columbusrecoverycenter.com/contact-us/","325","","","2","1","1","en-US","1679c26124fd28d93f0ea23ce711f158","Indexable",""
"https://www.columbusrecoverycenter.com/ohio-rehab/akron/","2434","","","15","12","3","en-US","3f2f6eeb36f1a225daee45bb441aee2d","Indexable",""
"https://www.columbusrecoverycenter.com/treatment-programs/co-occurring-disorders/","2126","","","29","14","15","en-US","3282ab061c7ae56da63673650ed584e1","Indexable",""
"https://www.columbusrecoverycenter.com/admissions/pricing/","894","","","4","3","1","en-US","efae90cee1b95390b0ebc335f9c79bec","Indexable",""
"https://www.columbusrecoverycenter.com/blog/how-long-does-coke-stay-in-system/","2230","","","47","30","17","en-US","bf0c4be489afe3bcea83233d41cfad32","Indexable",""
"https://www.columbusrecoverycenter.com/blog/longevity-of-norco-in-the-body/","1757","","","99","77","22","en-US","cb30379b8b1dd29e7faa48cc4fc98cd8","Indexable",""
"https://www.columbusrecoverycenter.com/treatment-programs/medical-detox/","2001","","","58","38","20","en-US","fc5d0244d0cc5d30cf14050554c92d30","Indexable",""
"https://www.columbusrecoverycenter.com/notice-privacy-practice/","2121","","","6","1","5","en-US","c06bd149c3c0b3ee3ae402672553ce59","Indexable",""
"https://www.columbusrecoverycenter.com/treatment-programs/multidisciplinary-approach/","1332","","","18","2","16","en-US","f93343ddd5e55e21c70e0fd6f7e7eac1","Indexable",""
"https://www.columbusrecoverycenter.com/cdn-cgi/l/email-protection","114","","","3","1","2","en-US","77ede986e132806404267ff64edc05fa","Non-Indexable","noindex"
"https://www.columbusrecoverycenter.com/ohio-rehab/lima/","2388","","","26","20","6","en-US","446f7471bd1d2d46e1e3972b96a85dd2","Indexable",""
"https://www.columbusrecoverycenter.com/our-team/tiffany-bell/","446","","","9","6","3","en-US","e99c82157f46cbbc112197f1b427890a","Indexable",""
"https://www.columbusrecoverycenter.com/editorial/melissa-carmona/","363","","","9","8","1","en-US","20faf0adbdecdea197c307b121a06541","Indexable",""
"https://www.columbusrecoverycenter.com/our-team/robert-fishman/","292","","","5","1","4","en-US","1c064e66207c498440c8d229af20a0ae","Indexable",""
"https://www.columbusrecoverycenter.com/editorial/","1225","","","58","56","2","en-US","48c7119b3e753adafd78e7b762f31eb5","Indexable",""
"https://www.columbusrecoverycenter.com/editorial/nicole-laneve/","318","","","10","9","1","en-US","3118a7c04aa75966e6ed1029a7742bfb","Indexable",""
"https://www.columbusrecoverycenter.com/editorial/kevin-wandler/","456","","","13","10","3","en-US","98c04a22e12842cc4f8dd71413045b9d","Indexable",""
"https://www.columbusrecoverycenter.com/editorial/columbus/","332","","","5","3","2","en-US","3fc01e0a8d4b5b717bb80dde06ac8b5b","Indexable",""
"https://www.columbusrecoverycenter.com/editorial/nanci-stockwell/","382","","","10","8","2","en-US","cd83b5074e9fe38f0ffab826cc10e43","Indexable",""
"https://www.columbusrecoverycenter.com/drugs/cocaine-addiction/","1687","","","29","11","18","en-US","fee8b655e17bae66bf303448565a60e8","Indexable",""
"https://www.columbusrecoverycenter.com/drugs/xanax-addiction/","2103","","","46","16","30","en-US","690a124e8c89e0ce6e3be373f0658b31","Indexable",""
"https://www.columbusrecoverycenter.com/drugs/heroin-addiction/","2067","","","38","12","26","en-US","acaeab5eb3672de6e5d334e2fa376b3a","Indexable",""
"https://www.columbusrecoverycenter.com/drugs/marijuana-addiction/","1977","","","42","21","21","en-US","b4837325135139265cee3eb94838fa28","Indexable",""
"https://www.columbusrecoverycenter.com/drugs/fentanyl-addiction/","1725","","","40","17","23","en-US","98eeafc54a206cc52ffe57ee6e0265b4","Indexable",""
"https://www.columbusrecoverycenter.com/drugs/morphine-addiction/","2137","","","44","15","29","en-US","7ba81343130dd0783bbc39bc8eb6158","Indexable",""
"https://www.columbusrecoverycenter.com/drugs/benzodiazepine-addiction/","1912","","","81","53","28","en-US","83086cdc672da7c40d2410e7166e6b3f","Indexable",""
"https://www.columbusrecoverycenter.com/drugs/opiate-addiction/","2090","","","50","24","26","en-US","a04be7f5231209f3021b46ca3566fae2","Indexable",""
"https://www.columbusrecoverycenter.com/drugs/meth-addiction/","1486","","","28","10","18","en-US","b7c4763c8076e1d3fcbd4cf4e7d83ae7","Indexable",""
"https://www.columbusrecoverycenter.com/drugs/hydrocodone-addiction/","1795","","","40","23","17","en-US","1a9bc9a3923b94244fdef06f5c403ed5","Indexable",""
"https://www.columbusrecoverycenter.com/alcohol-addiction/","1763","","","28","10","18","en-US","32dac5cb4492f07ffb9f75a6122e1b6d","Indexable",""
"https://www.columbusrecoverycenter.com/drugs/codeine-addiction/","1759","","","53","32","21","en-US","7b3491ee5520a24315f58862155a5be3","Indexable",""
"https://www.columbusrecoverycenter.com/drugs/gabapentin-addiction/","2301","","","62","32","30","en-US","91a6ec58249959a2b7387dc42d4027a9","Indexable",""
"https://www.columbusrecoverycenter.com/drugs/vicodin-addiction/","1803","","","41","23","18","en-US","98083c8119c0ea3cfd007add506a2610","Indexable",""
"https://www.columbusrecoverycenter.com/drugs/klonopin-addiction/","1654","","","46","29","17","en-US","63dd4a8fd010f72c7e7ff5a9da466749","Indexable",""
"https://www.columbusrecoverycenter.com/drugs/oxycodone-addiction/","1633","","","36","23","13","en-US","8e87d344b4d579b30a3b2293d7ca9a67","Indexable",""
"https://www.columbusrecoverycenter.com/drugs/valium-addiction/","1710","","","32","16","16","en-US","41a2dfc4e63588448ffdaa43fb46f057","Indexable",""
"https://www.columbusrecoverycenter.com/about-cleveland-ohio/","1858","","","18","8","10","en-US","d00ac6557025d59a502c4a8626910571","Indexable",""
"https://www.columbusrecoverycenter.com/drugs/tramadol-addiction/","1144","","","22","11","11","en-US","2e4dd3ff40237bd815fb05169201ab1e","Indexable",""
"https://www.columbusrecoverycenter.com/our-team/jenna-moran/","296","","","3","2","1","en-US","999108a409e3ed429a6ef279e078a6c7","Indexable",""
"https://www.columbusrecoverycenter.com/our-team/amy-cochran/","287","","","3","2","1","en-US","f9dfb8688e55e3de4e1ecff0d12baa84","Indexable",""
"https://www.columbusrecoverycenter.com/about-springfield-ohio/","1535","","","26","10","16","en-US","8256bf3e4f03bb4c375ff7a491c00188","Indexable",""
"https://www.columbusrecoverycenter.com/about-canton-ohio/","1249","","","20","14","6","en-US","f23305feb239b80a18c529c1abb3ca1","Indexable",""
"https://www.columbusrecoverycenter.com/recovery-blog/page/23/","683","","","15","12","3","en-US","b6b1ce528dee40b00ecc792624ea7b52","Indexable",""
"https://www.columbusrecoverycenter.com/blog/category/uncategorized/","892","","","55","52","3","en-US","57010c27a9df26272bc2c669bd947c1a","Non-Indexable","noindex"
"https://www.columbusrecoverycenter.com/blog/difference-between-norco-and-vicodin/","2479","","","63","52","11","en-US","84ff5fe4d7a7c117f51215b7c8889c3e","Indexable",""
"https://www.columbusrecoverycenter.com/blog/category/addiction/","738","","","26","24","2","en-US","35e8e9aa8bed3ab1e2d06f2bc5bcaa06","Non-Indexable","noindex"
"https://www.columbusrecoverycenter.com/blog/long-alcohol-stay-system/","2841","","","52","14","38","en-US","2752f1ba3fa9ae56c6a4dde88959bb59","Indexable",""
"https://www.columbusrecoverycenter.com/blog/category/prescription-pills/","359","","","14","12","2","en-US","d64f239fc5a71fad82175bec4e48527c","Non-Indexable","noindex"
"https://www.columbusrecoverycenter.com/blog/is-molly-the-same-drug-as-ecstasy/","2288","","","37","16","21","en-US","908963246e326bb1ad94a9284c6ea8b2","Indexable",""
"https://www.columbusrecoverycenter.com/recovery-blog/page/3/","829","","","37","34","3","en-US","e4e8fc849714fba7c8534ec631782614","Indexable",""
"https://www.columbusrecoverycenter.com/blog/how-long-does-kratom-high-last/","2186","","","190","159","31","en-US","fea08c233652aec46eca06a43df9cc5b","Indexable",""
"https://www.columbusrecoverycenter.com/recovery-blog/page/2/","590","","","22","18","4","en-US","f52e04d10fe39ef737068c85b4201886","Indexable",""
"https://www.columbusrecoverycenter.com/blog/how-long-does-oxy-stay-in-your-system/","2297","","","86","59","27","en-US","e395263ac1be8611c78ff13d1c0c64b7","Indexable",""
"https://www.columbusrecoverycenter.com/blog/how-long-does-kratom-stay-in-system/","2029","","","168","138","30","en-US","524f01039195905caf200554fd1f1cf9","Indexable",""
"https://www.columbusrecoverycenter.com/blog/how-long-does-percocet-stay-in-your-system/","2042","","","113","98","15","en-US","7a980f226abdbc91cb58655b09a2a6bc","Indexable",""
"https://www.columbusrecoverycenter.com/drugs/adderall-addiction/","2872","","","76","39","37","en-US","ecb2307e01c2b592789eb604294ba1bb","Indexable",""
"https://www.columbusrecoverycenter.com/editorial/jonathan-strum/","302","","","6","4","2","en-US","e79a649a2fe5b276547df72b71ff0a11","Indexable",""
"https://www.columbusrecoverycenter.com/blog/why-is-family-therapy-important-in-ohio-drug-rehab/","901","","","6","3","3","en-US","c88e563549baac93f0344775a6004b41","Indexable",""
"https://www.columbusrecoverycenter.com/admissions/insurance/blue-cross-blue-shield/","808","","","7","0","7","en-US","1fda66126bd255a75d9ecc383f45af93","Indexable",""
"https://www.columbusrecoverycenter.com/admissions/insurance/mines-and-associates/","686","","","10","3","7","en-US","616b1d4eaa44a833ded8b15e175768d1","Indexable",""
"https://www.columbusrecoverycenter.com/admissions/insurance/humana/","835","","","41","34","7","en-US","d4200b7ba6e97745e165c18d644d642d","Indexable",""
"https://www.columbusrecoverycenter.com/admissions/insurance/cigna/","542","","","31","26","5","en-US","2444a6e134e2fa9ec77dc2c07f9c85aa","Indexable",""
"https://www.columbusrecoverycenter.com/admissions/insurance/health-choice/","719","","","8","3","5","en-US","31ca719a0a5593fb63eb5a91ba6d2f74","Indexable",""
"https://www.columbusrecoverycenter.com/alcohol-addiction/related/signs-alcohol-poisoning/","1508","","","24","10","14","en-US","3505cbf60057f374732b8367f5f5b8fd","Indexable",""
"https://www.columbusrecoverycenter.com/students/which-substances-do-ohio-students-use/","1520","","","16","4","12","en-US","250c84cc36fc7d3cebfd3389d2e6d037","Indexable",""
"https://www.columbusrecoverycenter.com/students/how-to-help/","1352","","","5","1","4","en-US","6b9b5e82c268ec6b09c0fb9795346613","Indexable",""
"https://www.columbusrecoverycenter.com/outreach/cassidy-smith/","306","","","3","1","2","en-US","cee6b895223638571fc0d8e761c39709","Indexable",""
"https://www.columbusrecoverycenter.com/outreach/dwight-thompson/","294","","","1","0","1","en-US","e6565a2edeb78cc79a72c7e108397e6d","Indexable",""
"https://www.columbusrecoverycenter.com/outreach/emily-flatt/","298","","","1","0","1","en-US","6c74dca16a0264b04dc3b141831882d0","Indexable",""
"https://www.columbusrecoverycenter.com/ohio-rehab/hudson/","2147","","","23","17","6","en-US","c462d167b794ac1fdfa2606eaee894b","Indexable",""
"https://www.columbusrecoverycenter.com/ohio-rehab/youngstown/","2177","","","25","16","9","en-US","700da578e39e21b6c9e186a736ca6350","Indexable",""
"https://www.columbusrecoverycenter.com/ohio-rehab/hamilton/","2148","","","20","11","9","en-US","e10ca97c0ced66d053d4c0c0d4e3a0b5","Indexable",""
"https://www.columbusrecoverycenter.com/ohio-rehab/kent/","2018","","","17","10","7","en-US","4bd271fe27e218c159d482a772fdc138","Indexable",""
"https://www.columbusrecoverycenter.com/ohio-rehab/euclid/","2131","","","20","17","3","en-US","ba0dc38cad888d2c16729c250abdd23f","Indexable",""
"https://www.columbusrecoverycenter.com/ohio-rehab/cuyahoga-falls/","2388","","","18","13","5","en-US","2b013b4c5d6fa5f57aa531f96d90f126","Indexable",""
"https://www.columbusrecoverycenter.com/ohio-rehab/massillon/","2180","","","59","52","7","en-US","2793de0759cea0f863d6c974c94614a1","Indexable",""
"https://www.columbusrecoverycenter.com/ohio-rehab/middletown/","2254","","","24","14","10","en-US","b68456f11bd514f2841abd083410d5f4","Indexable",""
"https://www.columbusrecoverycenter.com/ohio-rehab/monroe/","2340","","","19","18","1","en-US","7b6602851645a27b044fdede199ba4b1","Indexable",""
"https://www.columbusrecoverycenter.com/ohio-rehab/warren/","2303","","","27","20","7","en-US","e9fba453e80c9ee35bb99c254e89e847","Indexable",""
"https://www.columbusrecoverycenter.com/editorial/jenni-jacobsen/","338","","","9","8","1","en-US","b64718a86e5cb544cc6e3f80ca00bf07","Indexable",""
"https://www.columbusrecoverycenter.com/editorial/erica-weiman/","322","","","11","8","3","en-US","687549b7ae466c4a4fbcee61a087f8c8","Indexable",""
"https://www.columbusrecoverycenter.com/admissions/pricing/no-insurance/","941","","","19","13","6","en-US","ccbf3a827a732edf486e06fa30787ca7","Indexable",""
"https://www.columbusrecoverycenter.com/drugs/cocaine-addiction/symptoms-side-effects/","1057","","","10","2","8","en-US","12c9b834a66e67bb154e1cef2fc80db0","Indexable",""
"https://www.columbusrecoverycenter.com/drugs/cocaine-addiction/withdrawal-detox/","1478","","","31","14","17","en-US","176397a8d591d301291211401e3d1476","Indexable",""
"https://www.columbusrecoverycenter.com/editorial/jessica-pyhtila/","337","","","15","14","1","en-US","5d48c0e5e7cf026c0f0368ccbebe28b6","Indexable",""
"https://www.columbusrecoverycenter.com/drugs/hydrocodone-addiction/withdrawal-detox/","1455","","","24","7","17","en-US","587f1e50a9e5806674b125673a6c4e98","Indexable",""
"https://www.columbusrecoverycenter.com/blog/history-aa-alcoholics-anonymous-sprouted-akron/","1216","","","13","10","3","en-US","b8ff4a4ab1bd0a5278bdb2e8e6fe4209","Indexable",""
"https://www.columbusrecoverycenter.com/recovery-blog/page/21/","952","","","15","11","4","en-US","6a6af84ef5bff39dce020969a2a40408","Indexable",""
"https://www.columbusrecoverycenter.com/recovery-blog/page/22/","951","","","15","10","5","en-US","45cd296bcacca48efca21c1c99301e66","Indexable",""
"https://www.columbusrecoverycenter.com/blog/new-day-ohio-recovery-village-columbus-now-open/","1090","","","10","7","3","en-US","617af8f405a4dbb1100a681a7ca2748b","Indexable",""
"https://www.columbusrecoverycenter.com/blog/narcan-compass-healing-crutch-addiction/","1618","","","46","37","9","en-US","b35cd6b93632ddec89622661e8e21434","Indexable",""
"https://www.columbusrecoverycenter.com/blog/patient-treatment-necessary-ohio-heroin-addicts/","1115","","","6","5","1","en-US","30de433216dc74fb889f507c9f139ee","Indexable",""
"https://www.columbusrecoverycenter.com/blog/can-you-be-born-an-addict/","1396","","","11","4","7","en-US","6890fd9661bfab83d0533331991a9225","Indexable",""
"https://www.columbusrecoverycenter.com/blog/ohio-addicts-straining-emergency-rooms-across-state/","814","","","15","9","6","en-US","35c8d97e8b9599f0aabefafe2b9ebeba","Indexable",""
"https://www.columbusrecoverycenter.com/blog/schools-stock-narcan-in-response-to-ohio-opioid-epidemic/","1231","","","25","18","7","en-US","e078d546da76bece485bd1f98ab14a17","Indexable",""
"https://www.columbusrecoverycenter.com/blog/things-you-might-not-know-about-buckeyes-and-opioids/","1332","","","31","15","16","en-US","7f00751a747966279d02bf6b7bce2763","Indexable",""
"https://www.columbusrecoverycenter.com/blog/category/uncategorized/page/2/","759","","","16","11","5","en-US","b089b6224b4b2f4926320105a48d11a9","Non-Indexable","noindex"
"https://www.columbusrecoverycenter.com/blog/isotonitazene/","1327","","","80","61","19","en-US","aeba8b7c1ebd1f79ca7e9698799d52b5","Indexable",""
"https://www.columbusrecoverycenter.com/blog/category/uncategorized/page/3/","1021","","","20","16","4","en-US","c5b5ee0a52219c0f617013461132b681","Non-Indexable","noindex"
"https://www.columbusrecoverycenter.com/blog/category/uncategorized/page/9/","489","","","12","9","3","en-US","ee851add97be155555300607dbc6bd83","Non-Indexable","noindex"
"https://www.columbusrecoverycenter.com/blog/how-ohio-is-combating-the-opioid-crisis/","1173","","","35","20","15","en-US","279538eb5c66b51b68bd80cc730aa446","Indexable",""
"https://www.columbusrecoverycenter.com/blog/teenage-mental-health-during-covid/","2085","","","34","12","22","en-US","9c59a6b90e32d53e664c89cd610388c4","Indexable",""
"https://www.columbusrecoverycenter.com/blog/category/addiction/page/7/","558","","","9","6","3","en-US","46ad3e13ba7eb5fba51acabd0996ea43","Non-Indexable","noindex"
"https://www.columbusrecoverycenter.com/blog/category/addiction/page/3/","913","","","19","16","3","en-US","7d7a430b39dfa68efe8442be3b81bb2","Non-Indexable","noindex"
"https://www.columbusrecoverycenter.com/blog/category/addiction/page/2/","666","","","17","12","5","en-US","319edd2649b8444b321a2af15da0c87b","Non-Indexable","noindex"
"https://www.columbusrecoverycenter.com/blog/what-is-vivitrol/","1549","","","71","50","21","en-US","ce321acd9210df3bd6e654c6dde2a467","Indexable",""
"https://www.columbusrecoverycenter.com/recovery-blog/page/4/","765","","","16","11","5","en-US","8a1016974a9c7e48701a719c49ec458c","Indexable",""
"https://www.columbusrecoverycenter.com/blog/how-to-dispose-of-unused-meds-in-ohio/","822","","","6","3","3","en-US","4352137e1375f82d50a6b4530a89868","Indexable",""
"https://www.columbusrecoverycenter.com/drugs/kratom-addiction/","963","","","57","53","4","en-US","8e761fe9a6570acd5db4c98d50bccbaf","Indexable",""
"https://www.columbusrecoverycenter.com/drugs/ecstasy-addiction/","2699","","","78","30","48","en-US","e896b0f8a80012c68e4923137a86c12c","Indexable",""
"https://www.columbusrecoverycenter.com/drugs/kratom-addiction/withdrawal-detox/","1873","","","79","73","6","en-US","9425f8b1bcd8703046ce3a26ecddb935","Indexable",""
"https://www.columbusrecoverycenter.com/blog/prep-for-the-holidays-treatment-recovery/","1615","","","9","3","6","en-US","6870deef8671546b0e3148cb406c7aab","Indexable",""
"https://www.columbusrecoverycenter.com/drugs/kratom-addiction/symptoms-side-effects/","954","","","54","48","6","en-US","dc66bac0d800071de55629a129687920","Indexable",""
"https://www.columbusrecoverycenter.com/drugs/kratom-addiction/treatment-rehab/","900","","","46","41","5","en-US","f87f7b2242449bbc7bc5f5d1d1b51fb3","Indexable",""
"https://www.columbusrecoverycenter.com/drugs/methadone-addiction/","2203","","","45","12","33","en-US","8624f21a2536453582c2031b8c2190d5","Indexable",""
"https://www.columbusrecoverycenter.com/drugs/oxycodone-addiction/treatment-rehab/","1761","","","10","4","6","en-US","ba4dc01301038a6e2d68090b85ee8b5","Indexable",""
"https://www.columbusrecoverycenter.com/blog/xylazine-drug-abuse-in-ohio/","1357","","","81","61","20","en-US","2e5fce20ccc0107a79684cd390c2dbed","Indexable",""
"https://www.columbusrecoverycenter.com/drugs/oxycodone-addiction/withdrawal-detox/","1848","","","38","21","17","en-US","c6a0888488810bc65654bb38d80ee9ca","Indexable",""
"https://www.columbusrecoverycenter.com/drugs/percocet-addiction/withdrawal-detox/","1774","","","88","73","15","en-US","9de819856cfcbaa8970be577a670e32","Indexable",""
"https://www.columbusrecoverycenter.com/blog/cognitive-behavioral-therapy-work-ohio-drug-rehab/","745","","","7","3","4","en-US","934a3c424ec4ccea6e5dd923e202e43b","Indexable",""
"https://www.columbusrecoverycenter.com/blog/tag/rehab/","941","","","19","14","5","en-US","f7ee322d6f39007d0af80f4e3b9a4981","Non-Indexable","noindex"
"https://www.columbusrecoverycenter.com/blog/tag/ohio/","973","","","18","14","4","en-US","28e22f435d983ebe1f96e41ffbd78e86","Non-Indexable","noindex"
"https://www.columbusrecoverycenter.com/blog/category/drug-rehab/","957","","","18","14","4","en-US","4d8c89410b13caa5239d300d211e142b","Non-Indexable","noindex"
"https://www.columbusrecoverycenter.com/drugs/adderall-addiction/withdrawal-detox/","2485","","","51","23","28","en-US","5271dcb69d0659e0debf4cc729eb6a36","Indexable",""
"https://www.columbusrecoverycenter.com/about-lorain-ohio/","1468","","","25","18","7","en-US","eee45532cc246996e004f4fc346fe810","Indexable",""
"https://www.columbusrecoverycenter.com/about-youngstown-ohio/","1524","","","19","16","3","en-US","2de5582830152e2ac0e802821e0dbbae","Indexable",""
"https://www.columbusrecoverycenter.com/drugs/cocaine-addiction/treatment-rehab/","1673","","","33","10","23","en-US","1ace2ff897eb4ab87bcbf9a164966cb9","Indexable",""
"https://www.columbusrecoverycenter.com/fortitude/ptsd-treatment-for-first-responders/psychoeducation-for-ptsd/","1227","","","53","40","13","en-US","eab230669e836ed8229281261b60b815","Indexable",""
"https://www.columbusrecoverycenter.com/drugs/gabapentin-addiction/treatment-rehab/","2385","","","47","30","17","en-US","535139c9f99bc6d6271e6d9c7954b6c","Indexable",""
"https://www.columbusrecoverycenter.com/drugs/oxycontin-addiction/treatment-rehab/","2288","","","42","15","27","en-US","99ef198366fc4d8714ccddd055df8e0a","Indexable",""
"https://www.columbusrecoverycenter.com/drugs/codeine-addiction/withdrawal-detox/","1133","","","28","15","13","en-US","259e19074be39a54fa415ede1f8808","Indexable",""
"https://www.columbusrecoverycenter.com/drugs/gabapentin-addiction/withdrawal-detox/","2630","","","68","42","26","en-US","39a055503839dbb42a5bf2d3938e3301","Indexable",""
"https://www.columbusrecoverycenter.com/drugs/cocaine-addiction/cocaine-faqs/can-you-overdose-cocaine/","1146","","","15","5","10","en-US","e51ecda0ba31201c3c362d8ac3588031","Indexable",""
"https://www.columbusrecoverycenter.com/drugs/cocaine-addiction/related/cocaine-psychosis/","1366","","","29","18","11","en-US","5c19a221fbdeeb1f447f12a5afee06d5","Indexable",""
"https://www.columbusrecoverycenter.com/drugs/cocaine-addiction/related/cocaine-alcohol/","1250","","","30","18","12","en-US","77b060cf772ecfc1fc83a7462b7c5026","Indexable",""
"https://www.columbusrecoverycenter.com/alcohol-addiction/gray-area-drinking/","1836","","","44","7","37","en-US","cf52b1a79e7708f47fc5f16f7f38799a","Indexable",""
"https://www.columbusrecoverycenter.com/blog/does-codeine-show-up-in-a-drug-test/","927","","","23","10","13","en-US","9cd8d6120cdda7eead9a5aff28125e7c","Indexable",""
"https://www.columbusrecoverycenter.com/blog/kratom-and-alcohol/","1071","","","52","39","13","en-US","fb87d1f9a4f1a2a86f1e79c84122460d","Indexable",""
"https://www.columbusrecoverycenter.com/drugs/cocaine-addiction/related/cocaine-nose/","1908","","","28","11","17","en-US","b3019bbcc7fedab0dbf6d4fd326ea367","Indexable",""
"https://www.columbusrecoverycenter.com/blog/how-trv-columbus-supports-ohio-alumni/","1509","","","9","2","7","en-US","cddf2f0af5e04bb22d950bd0011f9f32","Indexable",""
"https://www.columbusrecoverycenter.com/blog/longevity-of-salvia-in-your-system/","1422","","","106","88","18","en-US","3288824079356c40bdd620539e70477b","Indexable",""
"https://www.columbusrecoverycenter.com/blog/what-does-norco-look-like/","1226","","","68","56","12","en-US","a0c5bd3a501dc96f00b9e53adeb744fe","Indexable",""
"https://www.columbusrecoverycenter.com/blog/supporting-employees-with-bipolar-disorder/","1796","","","35","15","20","en-US","23f875cf7f95d514eb81d7f4e1f0456e","Indexable",""
"https://www.columbusrecoverycenter.com/blog/how-covid-impacts-ocd-intrusive-thoughts/","1980","","","40","9","31","en-US","cb8aa93ff2d2ade315e0f6afb2a7b366","Indexable",""
"https://www.columbusrecoverycenter.com/fortitude/ptsd-treatment-for-first-responders/cbt/","1449","","","38","24","14","en-US","1e20408cf7b090e793790ddbae15218e","Indexable",""
"https://www.columbusrecoverycenter.com/fortitude/ptsd-treatment-for-first-responders/emdr/","1608","","","61","46","15","en-US","1bb524586dd4f5e7e9819b320a97395b","Indexable",""
"https://www.columbusrecoverycenter.com/fortitude/ptsd-treatment-for-first-responders/cpt/","1162","","","23","5","18","en-US","312ae3d057cdbde4bcb9f42239419ca8","Indexable",""
"https://www.columbusrecoverycenter.com/blog/the-significance-of-ohios-addiction-treatment-workforce/","1085","","","9","2","7","en-US","a72e438bc59689d3801f85cdc41a6dec","Indexable",""
"https://www.columbusrecoverycenter.com/fortitude/ptsd-treatment-for-first-responders/motivational-interviewing/","1134","","","15","7","8","en-US","22bb85e9b67393c5a72aa39f5fbaa3e6","Indexable",""
"https://www.columbusrecoverycenter.com/alcohol-addiction/treatment-rehab/","2184","","","45","27","18","en-US","98aa5d7669d7de7bf7f2e4ce1c6c94ea","Indexable",""
"https://www.columbusrecoverycenter.com/blog/what-is-narcan-naloxone/","1442","","","64","47","17","en-US","13d4e011cf606f64c9469a03b748dae7","Indexable",""
"https://www.columbusrecoverycenter.com/editorial/kate-dube/","291","","","6","5","1","en-US","a0c8ef704c61722a8f23a66d4ca6996e","Indexable",""
"https://www.columbusrecoverycenter.com/fortitude/ptsd-treatment-for-first-responders/","1876","","","41","22","19","en-US","fb46d1ba254169da9edcaa0d091ffe07","Indexable",""
"https://www.columbusrecoverycenter.com/editorial/erika-krull/","239","","","8","6","2","en-US","7ab2f851a6efa2373400e962d6152007","Indexable",""
"https://www.columbusrecoverycenter.com/editorial/benjamin-caleb-williams/","413","","","3","1","2","en-US","174de8f02d49f9a3009297abd0338b89","Indexable",""
"https://www.columbusrecoverycenter.com/blog/snorting-norco/","1169","","","47","39","8","en-US","29bc20217f4dc4dc8316b7053a668b59","Indexable",""
"https://www.columbusrecoverycenter.com/blog/tramadol-and-alcohol/","1064","","","29","17","12","en-US","ac8ba981c94df015a63d3a79044b4a5b","Indexable",""
"https://www.columbusrecoverycenter.com/blog/u-47700-pink/","1355","","","45","24","21","en-US","8779f40b950ceb346b385a560f9de8ac","Indexable",""
"https://www.columbusrecoverycenter.com/drugs/effexor-addiction/","1689","","","95","80","15","en-US","e0dd909342be802048481613068170f9","Indexable",""
"https://www.columbusrecoverycenter.com/drugs/meth-addiction/treatment-rehab/","1980","","","51","25","26","en-US","c87682848ac6d92c971d368b68e924fb","Indexable",""
"https://www.columbusrecoverycenter.com/drugs/fentanyl-addiction/treatment-rehab/","2075","","","47","27","20","en-US","c7895c27c97d061ce5d8b056288f2aa1","Indexable",""
"https://www.columbusrecoverycenter.com/alcohol-addiction/related/alcohol-and-brain-damage/","1430","","","35","19","16","en-US","e9fd98256022a900852985c5a36dd840","Indexable",""
"https://www.columbusrecoverycenter.com/drugs/trazodone-addiction/withdrawal-detox/","1839","","","41","21","20","en-US","2c14cea7af86e16fec5b0f3e0a5e08dc","Indexable",""
"https://www.columbusrecoverycenter.com/drugs/effexor-addiction/withdrawal-detox/","1828","","","101","79","22","en-US","9c5f9e370378ee41e8ff8baee60c956e","Indexable",""
"https://www.columbusrecoverycenter.com/alcohol-addiction/binge-drinking/","2201","","","69","10","59","en-US","f461f1540b9f9c0b36c2e355e79e63b0","Indexable",""
"https://www.columbusrecoverycenter.com/blog/long-term-effects-marijuana/","1005","","","24","15","9","en-US","88c1522e74e6a6bb8d54c8d37a9b03ec","Indexable",""
"https://www.columbusrecoverycenter.com/drugs/ambien-addiction/","2898","","","172","127","45","en-US","e51494de2506819d8efb3b010cc23210","Indexable",""
"https://www.columbusrecoverycenter.com/drugs/xanax-addiction/treatment-rehab/","2036","","","53","30","23","en-US","e0d0968fc1d3992a821cad0caf2c2c5b","Indexable",""
"https://www.columbusrecoverycenter.com/blog/exploring-the-four-pillars-of-successful-long-term-addiction-recovery/","1724","","","28","14","14","en-US","c19d36adc9a54a89cc546d8a89393842","Indexable",""
"https://www.columbusrecoverycenter.com/blog/meth-mixed-with-fentanyl/","1156","","","28","13","15","en-US","44f85a912d4ca65067edee40d0339510","Indexable",""
"https://www.columbusrecoverycenter.com/drugs/xanax-addiction/withdrawal-detox/","1467","","","28","16","12","en-US","ae30a5d94d260cbf798fb84e1ca21a5f","Indexable",""
"https://www.columbusrecoverycenter.com/treatment-programs/substance-abuse-counseling/","2473","","","55","37","18","en-US","25e213bafd9f412522e0e44f1a731ce3","Indexable",""
"https://www.columbusrecoverycenter.com/drugs/heroin-addiction/symptoms-side-effects/","1072","","","15","2","13","en-US","beb53d4a7b5ccbbce5de6a43fbabe87","Indexable",""
"https://www.columbusrecoverycenter.com/blog/marijuana-use-can-increase-chances-of-cancer/","1075","","","20","13","7","en-US","8089d0b71284aef7e340bbd29ac6cc7c","Indexable",""
"https://www.columbusrecoverycenter.com/drugs/heroin-addiction/withdrawal-detox/","1444","","","32","16","16","en-US","8a0ef11a61b6a9ce66b12ad0028fef85","Indexable",""
"https://www.columbusrecoverycenter.com/drugs/benzodiazepine-addiction/withdrawal-detox/","1092","","","46","32","14","en-US","71f20f379ebae1a23c6972f925b72d94","Indexable",""
"https://www.columbusrecoverycenter.com/drugs/xanax-addiction/symptoms-side-effects/","1571","","","41","24","17","en-US","c84576be84b976d2468729bcc24eecf2","Indexable",""
"https://www.columbusrecoverycenter.com/drugs/fentanyl-addiction/overdose/","1620","","","33","15","18","en-US","393c7d999fd84664666a4f050f9f6739","Indexable",""
"https://www.columbusrecoverycenter.com/drugs/fentanyl-addiction/withdrawal-detox/","1321","","","32","21","11","en-US","66a30cc0ec735ea08f84192aadc3e4a1","Indexable",""
"https://www.columbusrecoverycenter.com/drugs/benzodiazepine-addiction/treatment-rehab/","1486","","","57","36","21","en-US","f309e7036d4e95cbe8fd8fcc8bf16aec","Indexable",""
"https://www.columbusrecoverycenter.com/drugs/opiate-addiction/withdrawal-detox/","1332","","","37","22","15","en-US","2df636b910169f0a9921de7f00812861","Indexable",""
"https://www.columbusrecoverycenter.com/blog/ativan-addiction-what-ohio-residents-should-know/","961","","","33","32","1","en-US","78d8b385dc5ce641eaf498360df5fdb1","Indexable",""
"https://www.columbusrecoverycenter.com/drugs/opiate-addiction/symptoms-side-effects/","1057","","","11","3","8","en-US","1a80f5619a3e9b1895244600a4670530","Indexable",""
"https://www.columbusrecoverycenter.com/drugs/meth-addiction/symptoms-side-effects/","907","","","9","2","7","en-US","ba7d8e030799df074fd78f09580838d0","Indexable",""
"https://www.columbusrecoverycenter.com/drugs/meth-addiction/withdrawal-detox/","1196","","","33","17","16","en-US","a8bd4014cf3bef2daf4e822027ddddd0","Indexable",""
"https://www.columbusrecoverycenter.com/drugs/norco-addiction/","1271","","","52","40","12","en-US","b6307ac892e335e7a279cbf02f371ff3","Indexable",""
"https://www.columbusrecoverycenter.com/drugs/hydrocodone-addiction/symptoms-side-effects/","1143","","","20","5","15","en-US","3e95c8d83e7d2045627c98acc3d75c7c","Indexable",""
"https://www.columbusrecoverycenter.com/blog/use-services-interventionist-ohio/","911","","","11","7","4","en-US","8bac9a36ab500d90a59a24ba21304043","Indexable",""
"https://www.columbusrecoverycenter.com/alcohol-addiction/withdrawal-detox/","1072","","","21","6","15","en-US","c8e2bee812c59f2487e07e65b4420901","Indexable",""
"https://www.columbusrecoverycenter.com/alcohol-addiction/related/alcohol-detox-diet/","1238","","","17","6","11","en-US","46201ea895150cbb3f6086457022e45e","Indexable",""
"https://www.columbusrecoverycenter.com/alcohol-addiction/related/","305","","","2","1","1","en-US","23a84987fc8d8d614421442f081c5d6b","Indexable",""
"https://www.columbusrecoverycenter.com/drugs/hydrocodone-addiction/treatment-rehab/","1603","","","34","12","22","en-US","43817e0a0d48618d1333393f834fab0b","Indexable",""
"https://www.columbusrecoverycenter.com/drugs/klonopin-addiction/treatment-rehab/","1422","","","37","16","21","en-US","c3310cbdee56ab4f74f6213aa6ac2eed","Indexable",""
"https://www.columbusrecoverycenter.com/drugs/oxycontin-addiction/","2467","","","67","29","38","en-US","8f588708b2fa079549b56272bceefaf9","Indexable",""
"https://www.columbusrecoverycenter.com/drugs/oxycodone-addiction/symptoms-side-effects/","1951","","","19","9","10","en-US","c164c0b5d5b0e117752b05779c23abeb","Indexable",""
"https://www.columbusrecoverycenter.com/drugs/percocet-addiction/","1565","","","103","86","17","en-US","959208a676c065135d8109a4ceef2c6c","Indexable",""
"https://www.columbusrecoverycenter.com/teen-addiction-resources/","1906","","","8","0","8","en-US","30f9fc5cd585b1beedbb87317b0e3c80","Indexable",""
"https://www.columbusrecoverycenter.com/alcohol-addiction/related/alcohol-memory/","1475","","","14","8","6","en-US","da8b9b9f2891ba2afde1a3779a591af3","Indexable",""
"https://www.columbusrecoverycenter.com/blog/signs-of-alcoholism/","1172","","","15","6","9","en-US","dec3cc0867b554b70d9ff7cad7c962eb","Indexable",""
"https://www.columbusrecoverycenter.com/blog/alcohol-withdrawal-timeline/","1087","","","18","13","5","en-US","d47c09277d996eef6ff538d5662a3370","Indexable",""
"https://www.columbusrecoverycenter.com/alcohol-addiction/related/withdrawal-delirium-tremens/","979","","","37","32","5","en-US","564807ee8e5961135a3a92a2dcd1ce26","Indexable",""
"https://www.columbusrecoverycenter.com/alcohol-addiction/related/alcohol-detox-remedies/","1847","","","34","18","16","en-US","542865cc4b0b70db80ea903e693e4caa","Indexable",""
"https://www.columbusrecoverycenter.com/alcohol-addiction/related/alcohol-blood-sugar/","1841","","","38","12","26","en-US","2e1f565808579e82100ae74e00151a24","Indexable",""
"https://www.columbusrecoverycenter.com/drugs/effexor-addiction/symptoms-side-effects/","1300","","","78","62","16","en-US","95b461513fd2baaefe12855a1872869e","Indexable",""
"https://www.columbusrecoverycenter.com/alcohol-addiction/related/alcohol-kidneys/","1194","","","11","2","9","en-US","8135f45c121b4af73fb122819f7784ee","Indexable",""
"https://www.columbusrecoverycenter.com/alcohol-addiction/related/alcohol-seizures/","1381","","","35","23","12","en-US","77a4bda2e9f1acbbc6cefa680a0b365","Indexable",""
"https://www.columbusrecoverycenter.com/blog/effects-of-alcohol-on-body/","1197","","","16","7","9","en-US","394b0e5cd75f815668a608646d343b10","Indexable",""
"https://www.columbusrecoverycenter.com/drugs/trazodone-addiction/","1901","","","85","43","42","en-US","bd4ce14977fd28bd951f861030d78293","Indexable",""
"https://www.columbusrecoverycenter.com/drugs/marijuana-addiction/treatment-rehab/","1518","","","21","10","11","en-US","472bcccd5ff7900a42354deb34e017a1","Indexable",""
"https://www.columbusrecoverycenter.com/drugs/ambien-addiction/withdrawal-detox/","1350","","","56","49","7","en-US","2f0690df0fe2c08db3654c820e3de0d4","Indexable",""
"https://www.columbusrecoverycenter.com/drugs/ambien-addiction/treatment-rehab/","1924","","","39","33","6","en-US","84b1dcacf69802b2598647350d51e8ce","Indexable",""
"https://www.columbusrecoverycenter.com/blog/tag/alcoholic/","323","","","4","3","1","en-US","d804d0cd8de2127ac31b597901bfa6b9","Non-Indexable","noindex"
"https://www.columbusrecoverycenter.com/blog/tag/aa/","241","","","3","2","1","en-US","7a55a699917b2e559324a340eb82d257","Non-Indexable","noindex"
"https://www.columbusrecoverycenter.com/blog/tag/akron/","241","","","3","2","1","en-US","4e74f0c723f043c7a292eec7ce4ee210","Non-Indexable","noindex"
"https://www.columbusrecoverycenter.com/blog/tag/alcoholics-anonymous/","242","","","3","2","1","en-US","fb0ad05a3874d8e7590e4cd31482bf5d","Non-Indexable","noindex"
"https://www.columbusrecoverycenter.com/blog/ohio-dart-program-works-fight-opioid-addiction-one-person-time/","813","","","6","4","2","en-US","c8d80cc0de6e6c73e4d8d464e8b5d273","Indexable",""
"https://www.columbusrecoverycenter.com/blog/successful-sobriety-strong-support-network-ohio/","883","","","10","5","5","en-US","b403bc2ab6c39a4c4409162ca2fb3a6e","Indexable",""
"https://www.columbusrecoverycenter.com/blog/substance-abuse-domestic-violence-volatile-mix-ohio/","872","","","7","3","4","en-US","6175d1182059eb973b97d874e432a198","Indexable",""
"https://www.columbusrecoverycenter.com/blog/high-cost-ohio-kids-addicted-parents-pay/","822","","","10","3","7","en-US","6c65697b388c5acf683e421da74370f3","Indexable",""
"https://www.columbusrecoverycenter.com/blog/help-pregnant-women-ohio-addiction-recovery/","773","","","6","4","2","en-US","4b1eb48e521362f761dc84dac97adf5e","Indexable",""
"https://www.columbusrecoverycenter.com/blog/bullying-leads-substance-abuse-ohios-kids/","783","","","7","3","4","en-US","80b99d14a6dd2dcf748c773368709d86","Indexable",""
"https://www.columbusrecoverycenter.com/recovery-blog/page/20/","955","","","15","11","4","en-US","213e1dc98441b3d1e908eb760bef0da","Indexable",""
"https://www.columbusrecoverycenter.com/blog/alcoholism-rise-among-elderly-ohio/","849","","","7","3","4","en-US","67cf9c59ae97b56ff818894eb121adfb","Indexable",""
"https://www.columbusrecoverycenter.com/blog/fentanyl-cocaine-nightmare-mix/","801","","","7","3","4","en-US","9db81d927c0f6308098681bb3c213182","Indexable",""
"https://www.columbusrecoverycenter.com/blog/ohio-dept-higher-education-considering-adding-substance-abuse-prevention-curriculum/","887","","","7","3","4","en-US","1671f3d8accda3abe358896370340156","Indexable",""
"https://www.columbusrecoverycenter.com/blog/ohio-county-offers-vivitrol-inmates-fight-opioid-crisis/","807","","","13","11","2","en-US","781ac34ce3c0a69b3ceefd7f6a25de59","Indexable",""
"https://www.columbusrecoverycenter.com/blog/gray-death-causing-serious-concern-ohio-addicts/","921","","","8","4","4","en-US","e6e5485aa115410db3688698ea71296a","Indexable",""
"https://www.columbusrecoverycenter.com/blog/gambling-addiction-childhood-trauma-ohio-residents-know/","934","","","7","3","4","en-US","122601a2176e0f2a8d0bd93367299cbc","Indexable",""
"https://www.columbusrecoverycenter.com/blog/columbus-crack-addiction-rise/","940","","","11","9","2","en-US","5cfd940d778573430b59ae376d3c74d5","Indexable",""
"https://www.columbusrecoverycenter.com/blog/ohio-employers-grappling-addiction-workplace/","896","","","6","3","3","en-US","94cf8bbbc92b3b5dca04f2aa6aef1b76","Indexable",""
"https://www.columbusrecoverycenter.com/blog/deal-anger-ohio-rehab/","891","","","13","3","10","en-US","8dc0580b1b7b690cc3fe60ee392d3a24","Indexable",""
"https://www.columbusrecoverycenter.com/blog/spice-dangerous-ohio-residents/","939","","","17","6","11","en-US","142b176179a9e125b60715bb4a756268","Indexable",""
"https://www.columbusrecoverycenter.com/blog/religion-spirituality-play-role-ohio-addiction-recovery/","858","","","10","5","5","en-US","c08b1536c74a476860aef4cbe7571490","Indexable",""
"https://www.columbusrecoverycenter.com/blog/happens-job/","1014","","","9","3","6","en-US","77f03148e1b3e999d1f0b97957d8d3da","Indexable",""
"https://www.columbusrecoverycenter.com/blog/happens-smart-recovery-ohio/","907","","","9","5","4","en-US","958dbc3d024b347c25a2830d9375dde8","Indexable",""
"https://www.columbusrecoverycenter.com/blog/tag/narcan/","321","","","10","8","2","en-US","3a07736ea1ab36929090da3835344806","Non-Indexable","noindex"
"https://www.columbusrecoverycenter.com/blog/driving-influence-opioids/","927","","","12","5","7","en-US","86ef03545d5e7059bbad2a35426b2936","Indexable",""
"https://www.columbusrecoverycenter.com/blog/tag/opioids/","240","","","6","4","2","en-US","50d518469e3acb1c1e01541a35595f3f","Non-Indexable","noindex"
"https://www.columbusrecoverycenter.com/blog/tag/addiction/","944","","","17","13","4","en-US","8bb1db4483f3b87b4d757ba715bdd5c2","Non-Indexable","noindex"
"https://www.columbusrecoverycenter.com/blog/tag/drugs/","700","","","14","11","3","en-US","10e0080d2b3623e13ae76a7ea3fcab99","Non-Indexable","noindex"
"https://www.columbusrecoverycenter.com/blog/tag/overdose/","240","","","5","4","1","en-US","da39690e2bdcc83ab7ce77ba0f8c9a32","Non-Indexable","noindex"
"https://www.columbusrecoverycenter.com/blog/tag/withdrawal/","245","","","2","1","1","en-US","9b6902f24d6d2bd3b694da31d727fcb1","Non-Indexable","noindex"
"https://www.columbusrecoverycenter.com/blog/tag/opioid/","321","","","3","2","1","en-US","4f2f8a05125a5d6754282e3722823a90","Non-Indexable","noindex"
"https://www.columbusrecoverycenter.com/blog/tag/babies/","245","","","3","1","2","en-US","448b61569fe35dfb951b7e59785c4c97","Non-Indexable","noindex"
"https://www.columbusrecoverycenter.com/blog/tag/nas/","245","","","2","1","1","en-US","e06494e7550945cbcf8f621acfa425be","Non-Indexable","noindex"
"https://www.columbusrecoverycenter.com/blog/tag/neonatal/","245","","","2","1","1","en-US","5c191123a308ab0336d7f7640b2a4f04","Non-Indexable","noindex"
"https://www.columbusrecoverycenter.com/blog/tag/substance-abuse/","546","","","6","5","1","en-US","9cf1349586576d7cb1af22bc6477e4e5","Non-Indexable","noindex"
"https://www.columbusrecoverycenter.com/blog/tag/opioid-overdose/","325","","","5","3","2","en-US","91d68a23dc266f1b1590e8c2100695be","Non-Indexable","noindex"
"https://www.columbusrecoverycenter.com/blog/tag/schools/","249","","","5","2","3","en-US","2fff9c8022df4d7b8ef89497467142b3","Non-Indexable","noindex"
"https://www.columbusrecoverycenter.com/blog/tag/teens/","249","","","5","2","3","en-US","a51203a8de365df61a9f40dc58ae1419","Non-Indexable","noindex"
"https://www.columbusrecoverycenter.com/blog/tag/heroin-overdose/","250","","","4","2","2","en-US","4ac07d7a18ee125b1b0779ba6ca49985","Non-Indexable","noindex"
"https://www.columbusrecoverycenter.com/blog/drug-and-alcohol-treatment-during-coronavirus/","1102","","","17","8","9","en-US","111a457246d2f720e529a7cc6842a235","Indexable",""
"https://www.columbusrecoverycenter.com/blog/support-your-loved-ones-recovery/","1253","","","11","4","7","en-US","a453064496b0b7cd8f6ebdcfb627be6b","Indexable",""
"https://www.columbusrecoverycenter.com/blog/drug-use-surge-during-pandemic/","1209","","","23","7","16","en-US","e04277c33e136b99fa285cf8de7999a4","Indexable",""
"https://www.columbusrecoverycenter.com/blog/sober-october/","1365","","","27","12","15","en-US","f925efc78edd46df543edce5d6831461","Indexable",""
"https://www.columbusrecoverycenter.com/blog/winter-in-recovery/","1443","","","17","8","9","en-US","ce99c80028178b61e7e4bc06fad31f09","Indexable",""
"https://www.columbusrecoverycenter.com/drugs/benzodiazepine-addiction/symptoms-side-effects/","1028","","","10","5","5","en-US","f57cd1ccfa41f61c2f792bb59b6c799b","Indexable",""
"https://www.columbusrecoverycenter.com/blog/recovery-month-ohio/","1099","","","15","8","7","en-US","b6dcd58b869a4bbddc4d35b716b8e78a","Indexable",""
"https://www.columbusrecoverycenter.com/blog/understanding-marijuana-laws-in-ohio/","1017","","","19","10","9","en-US","b5c20f46292a99062b1eecf667e5b054","Indexable",""
"https://www.columbusrecoverycenter.com/drugs/gabapentin-addiction/symptoms-side-effects/","2302","","","79","41","38","en-US","d48ab22623424b23e133f07d8f554428","Indexable",""
"https://www.columbusrecoverycenter.com/blog/dealing-paws-ohio-drug-rehab/","753","","","5","4","1","en-US","1dca129ab9c2b71aa80674aa7da4fe84","Indexable",""
"https://www.columbusrecoverycenter.com/blog/category/drug-rehab/page/3/","1017","","","21","15","6","en-US","6327ccb8021f407e5c4ed5f174fd41ad","Non-Indexable","noindex"
"https://www.columbusrecoverycenter.com/blog/common-gateway-drugs-in-ohio/","781","","","6","4","2","en-US","ab0684e5ec974398503c5c41c2439274","Indexable",""
"https://www.columbusrecoverycenter.com/blog/what-is-codependency-and-how-can-you-stop-it/","930","","","7","3","4","en-US","41009aea61509a0b28216642d87815","Indexable",""
"https://www.columbusrecoverycenter.com/blog/category/drug-rehab/page/8/","728","","","12","7","5","en-US","fde643906ee16e32befcbb0a12808592","Non-Indexable","noindex"
"https://www.columbusrecoverycenter.com/blog/category/drug-rehab/page/2/","996","","","18","11","7","en-US","847ca8c72a0db2862c87bc757eff42c4","Non-Indexable","noindex"
"https://www.columbusrecoverycenter.com/blog/ohio-residents-ask-can-i-join-the-military-after-addiction-treatment/","944","","","11","3","8","en-US","6a29516f42caabb074a1d08d7a5aebee","Indexable",""
"https://www.columbusrecoverycenter.com/blog/how-to-find-support-for-mental-illness-and-substance-abuse-in-the-ohio-lgbt-community/","861","","","9","4","5","en-US","11c61d1ba8804ca501cac8410c4afbe9","Indexable",""
"https://www.columbusrecoverycenter.com/blog/tag/ohio/page/2/","996","","","18","11","7","en-US","8130837e8556a45a38f40fc41e253b74","Non-Indexable","noindex"
"https://www.columbusrecoverycenter.com/blog/city-on-the-edge-a-closer-look-at-cleveland-drug-trends/","1380","","","17","9","8","en-US","60dda13b92b21368f8cbbf464ed4f012","Indexable",""
"https://www.columbusrecoverycenter.com/blog/tag/rehab/page/6/","797","","","12","8","4","en-US","c8b9d3cf235f6cabff71de083c8a861d","Non-Indexable","noindex"
"https://www.columbusrecoverycenter.com/blog/tag/ohio/page/7/","265","","","3","1","2","en-US","c752ac7cf69e9414c48ee0bcb956ea07","Non-Indexable","noindex"
"https://www.columbusrecoverycenter.com/blog/why-does-peer-support-work-in-ohio-addiction-treatment/","840","","","11","5","6","en-US","423781a7401dca701688559a186304b","Indexable",""
"https://www.columbusrecoverycenter.com/blog/ohio-employees-ask-should-i-tell-my-employer-i-have-a-substance-use-disorder/","985","","","8","3","5","en-US","a0f8d8498a2a4df677e22388f823ec04","Indexable",""
"https://www.columbusrecoverycenter.com/blog/tag/ohio/page/3/","972","","","13","11","2","en-US","9dd736d01ac5febf661e426d8702c868","Non-Indexable","noindex"
"https://www.columbusrecoverycenter.com/blog/toledos-battle-with-heroin-and-fentanyl-where-we-are-now/","1341","","","10","5","5","en-US","6852a1ec2432991bcb142efd40328ce1","Indexable",""
"https://www.columbusrecoverycenter.com/blog/tag/rehab/page/2/","991","","","17","11","6","en-US","fb63a670945fc8ff987ca2d191f2c141","Non-Indexable","noindex"
"https://www.columbusrecoverycenter.com/blog/sober-houses-and-halfway-houses/","887","","","7","3","4","en-US","52178f20659366ace59ff7542db64642","Indexable",""
"https://www.columbusrecoverycenter.com/blog/neonatal-abstinence-syndrome-and-babies/","977","","","5","3","2","en-US","1173de0adc865cfdeddfffdf1af25f67","Indexable",""
"https://www.columbusrecoverycenter.com/blog/tag/rehab/page/3/","1021","","","22","16","6","en-US","27b75f2613929eecc94d9cc8c50e60e6","Non-Indexable","noindex"
"https://www.columbusrecoverycenter.com/blog/can-couples-therapy-help-you-fight-addiction/","763","","","7","3","4","en-US","3c5e89c2abfeb291cdad7b54cd313956","Indexable",""
"https://www.columbusrecoverycenter.com/blog/what-is-emdr-and-how-is-it-used-in-ohio-drug-rehab/","990","","","24","17","7","en-US","e8d75cf826d8acb252d454ead9f8aada","Indexable",""
"https://www.columbusrecoverycenter.com/blog/ohio-residents-ask-will-i-be-bored-in-rehab/","818","","","8","4","4","en-US","ba873f0536a1bbc21dacd2c8358b15fc","Indexable",""
"https://www.columbusrecoverycenter.com/blog/is-willpower-enough-to-fight-addiction/","835","","","8","3","5","en-US","2957ac91bc0bd64d5b0678ecfe2e15e7","Indexable",""
"https://www.columbusrecoverycenter.com/blog/exploring-the-dangers-of-bath-salts/","1060","","","19","12","7","en-US","42cdb4c2c1df6aeabd49e2eb011cd1a","Indexable",""
"https://www.columbusrecoverycenter.com/alcohol-addiction/related/alcohol-blood-pressure/","1408","","","11","4","7","en-US","ab3a6cafb68806117cabd71525ddc14","Indexable",""
"https://www.columbusrecoverycenter.com/alcohol-addiction/related/alcohol-detox-process/","1122","","","12","8","4","en-US","655a587ec12dbe84407acb75e8568eac","Indexable",""
"https://www.columbusrecoverycenter.com/alcohol-addiction/related/alcohol-detox-at-home/","1285","","","19","10","9","en-US","d154e7e306754a491a15ec10a1a99b7a","Indexable",""
"https://www.columbusrecoverycenter.com/blog/understanding-percocet-addiction-in-ohio/","956","","","36","33","3","en-US","4d0ee4363f67a1526faf1ee9b7a78a46","Indexable",""
"https://www.columbusrecoverycenter.com/alcohol-addiction/related/alcohol-recovery-diet/","1563","","","15","6","9","en-US","c711b2a50775634091fd1606e5913560","Indexable",""
"https://www.columbusrecoverycenter.com/alcohol-addiction/related/alcohol-schizophrenia/","1104","","","11","3","8","en-US","fbdd930ca75593de5d4d4ce549469f26","Indexable",""
"https://www.columbusrecoverycenter.com/alcohol-addiction/related/alcohol-antidepressants/","1270","","","29","16","13","en-US","bc260b539b74cb1bea46b749c77ae2aa","Indexable",""
"https://www.columbusrecoverycenter.com/alcohol-addiction/related/alcohol-epilepsy/","1118","","","22","9","13","en-US","bae671507ba0f6efce6b30c364b72f18","Indexable",""
"https://www.columbusrecoverycenter.com/alcohol-addiction/related/alcohol-dieting/","1021","","","17","4","13","en-US","70c67a29204accfde2374e9c918188fa","Indexable",""
"https://www.columbusrecoverycenter.com/alcohol-addiction/related/alcohol-withdrawal-treatment-home/","1316","","","27","17","10","en-US","267a86066d8ba0eed8c3646e2a0e8aae","Indexable",""
"https://www.columbusrecoverycenter.com/drugs/oxycontin-addiction/symptoms-side-effects/","1297","","","14","2","12","en-US","85426444c2f85b46cf705b6311a602e1","Indexable",""
"https://www.columbusrecoverycenter.com/blog/how-addictive-is-dilaudid/","817","","","28","24","4","en-US","251205b3a2d768568a9443a2b77ea464","Indexable",""
"https://www.columbusrecoverycenter.com/blog/dayton-sober-movement/","885","","","8","5","3","en-US","48c56dab451b1465e71885bd865fdfbf","Indexable",""
"https://www.columbusrecoverycenter.com/blog/cardinal-health-billion-pills-eight-years/","1182","","","14","5","9","en-US","3d4108bb48a9e6c3201756a6d350051f","Indexable",""
"https://www.columbusrecoverycenter.com/blog/ohio-raises-nicotine-purchase-age-to-21/","1072","","","11","4","7","en-US","d4e82c516ab7ab0e03efb2bb320564c4","Indexable",""
"https://www.columbusrecoverycenter.com/blog/franklin-county-leads-ohio-overdose-deaths/","1818","","","46","16","30","en-US","e53b58bfccfe86ace351df6f57e91b13","Indexable",""
"https://www.columbusrecoverycenter.com/blog/sober-halloween/","1389","","","20","14","6","en-US","19b8fde463bd6166a75041aa49c7dca0","Indexable",""
"https://www.columbusrecoverycenter.com/blog/online-recovery-meetings/","2035","","","13","3","10","en-US","21448a22a0c236d5b70957c3dd638266","Non-Indexable","Canonicalised"
"https://www.columbusrecoverycenter.com/blog/columbus-police-to-help-human-trafficking-victims/","858","","","9","3","6","en-US","d5d12cf2680b661153cc81fca48d96d","Indexable",""
"https://www.columbusrecoverycenter.com/blog/missouri-schools-encouraged-to-offer-narcan/","1021","","","30","22","8","en-US","ca5234544c1f22d6a62556c7fa47105d","Indexable",""
"https://www.columbusrecoverycenter.com/blog/meth-replaces-opioid-addiction-west-virginia-town/","982","","","13","7","6","en-US","5cfddb2f7913e2b2a6426e7bf173df8e","Indexable",""
"https://www.columbusrecoverycenter.com/blog/in-network-anthem-blue-cross-blue-shield/","782","","","8","5","3","en-US","a8c226313c4791018efcd141db9009c7","Indexable",""
"https://www.columbusrecoverycenter.com/blog/category/uncategorized/page/4/","1030","","","25","20","5","en-US","e07475922b63bc94ae31e101ebf8363b","Non-Indexable","noindex"
"https://www.columbusrecoverycenter.com/blog/pet-owners-have-hard-time-getting-prescriptions-for-pets/","1189","","","16","11","5","en-US","12a2fe52909ea4176c264db0b86d6365","Indexable",""
"https://www.columbusrecoverycenter.com/blog/category/uncategorized/page/7/","933","","","15","13","2","en-US","845ba598f08c937d3ad52d74010ac2aa","Non-Indexable","noindex"
"https://www.columbusrecoverycenter.com/blog/category/uncategorized/page/8/","900","","","21","16","5","en-US","7d72eff73fd9ec678f5e2e8353d24639","Non-Indexable","noindex"
"https://www.columbusrecoverycenter.com/alcohol-addiction/related/alcohol-anxiety/","1189","","","12","2","10","en-US","bf0131557e9f4561655cfa4731d0225e","Indexable",""
"https://www.columbusrecoverycenter.com/blog/ohio-suicide-rates-increase-cdc-study-2019/","1427","","","13","6","7","en-US","4907c9fa0490f07d2f6343fe831abef","Indexable",""
"https://www.columbusrecoverycenter.com/blog/ptsd-addiction-healing-wounds-ohio-drug-rehab/","729","","","7","3","4","en-US","51300ff89f13275c1ed83c3f905f7410","Indexable",""
"https://www.columbusrecoverycenter.com/blog/spiritual-based-addiction-treatment/","776","","","7","3","4","en-US","d0be21aa422265d06fed4e6a6087eef3","Indexable",""
"https://www.columbusrecoverycenter.com/blog/stds-rise-with-increased-drug-abuse/","784","","","6","3","3","en-US","1703dc1b4bee8457c5f861ba7e8b90a6","Indexable",""
"https://www.columbusrecoverycenter.com/blog/study-launched-genetic-markers-addiction/","1040","","","15","7","8","en-US","19c4cbe3c02fd51df1cf3cf9369e5d0d","Indexable",""
"https://www.columbusrecoverycenter.com/blog/category/addiction/page/5/","944","","","13","10","3","en-US","91567637c1eb7d64735b8602cf59bb91","Non-Indexable","noindex"
"https://www.columbusrecoverycenter.com/blog/category/addiction/page/6/","965","","","14","11","3","en-US","999a785bc73c91b2e5be7eec85416b97","Non-Indexable","noindex"
"https://www.columbusrecoverycenter.com/blog/finding-addiction-treatment-through-eap-programs/","863","","","18","14","4","en-US","14826400d1078fd62e1fb5910a1109","Indexable",""
"https://www.columbusrecoverycenter.com/blog/why-avoiding-sugar-in-addiction-treatment-is-beneficial/","894","","","8","4","4","en-US","fc180e3c91e0f74636102985778999f1","Indexable",""
"https://www.columbusrecoverycenter.com/blog/telling-children-about-addiction/","935","","","6","3","3","en-US","ee1d7b9f2bd86cfd3897fa1d723fa382","Indexable",""
"https://www.columbusrecoverycenter.com/blog/guide-to-court-ordered-addiction-treatment/","1246","","","12","3","9","en-US","65eca3ed7187bc07c23187643b8d4a95","Indexable",""
"https://www.columbusrecoverycenter.com/blog/category/addiction/page/4/","951","","","18","13","5","en-US","7373fddd3041ca3e6b798cbb245d5fc6","Non-Indexable","noindex"
"https://www.columbusrecoverycenter.com/blog/common-barriers-addiction-treatment/","912","","","4","3","1","en-US","33d2f6894958bbada3f2e31f9e1627b9","Indexable",""
"https://www.columbusrecoverycenter.com/blog/is-fioricet-habit-forming/","885","","","30","30","0","en-US","bc7484da2d537855028b683c554ed4a3","Indexable",""
"https://www.columbusrecoverycenter.com/blog/teletherapy/","734","","","12","8","4","en-US","b238b7b9db4fe5bdad35a28db117eec2","Indexable",""
"https://www.columbusrecoverycenter.com/blog/tag/pills/","242","","","4","1","3","en-US","1fbb3e4505f3fec7d813cca78118a395","Non-Indexable","noindex"
"https://www.columbusrecoverycenter.com/drugs/ecstasy-addiction/treatment-rehab/","2182","","","24","5","19","en-US","d26d0d63737d6f72d40edabc76a890c8","Indexable",""
"https://www.columbusrecoverycenter.com/drugs/suboxone-addiction/","2753","","","111","70","41","en-US","a46a3ad2054989e7f9fa00aa9ae99491","Indexable",""
"https://www.columbusrecoverycenter.com/recovery-blog/page/5/","996","","","16","11","5","en-US","26499350785a9e8f23618a05787e6985","Indexable",""
"https://www.columbusrecoverycenter.com/drugs/ecstasy-addiction/withdrawal-detox/","1857","","","30","22","8","en-US","43e41b839c20607a784e0481d21b8f16","Indexable",""
"https://www.columbusrecoverycenter.com/drugs/ecstasy-addiction/symptoms-side-effects/","2337","","","51","25","26","en-US","68283af7c0ff40594b8d37cb14ff6158","Indexable",""
"https://www.columbusrecoverycenter.com/drugs/adderall-addiction/symptoms-side-effects/","2323","","","40","15","25","en-US","ef4f640b903d346961e37365426d37c4","Indexable",""
"https://www.columbusrecoverycenter.com/drugs/adderall-addiction/treatment-rehab/","2618","","","35","11","24","en-US","ba0118d3a9554baa89956ef61b597303","Indexable",""
"https://www.columbusrecoverycenter.com/drugs/percocet-addiction/symptoms-side-effects/","1484","","","76","65","11","en-US","f457a6a9183d8d7f340565ea056db6f1","Indexable",""
"https://www.columbusrecoverycenter.com/drugs/percocet-addiction/treatment-rehab/","1672","","","40","34","6","en-US","46974a23cc2769405b840bcbf5706ca4","Indexable",""
"https://www.columbusrecoverycenter.com/blog/cdc-report-about-american-opioid-use/","797","","","6","5","1","en-US","e567bae2409a996cdc840dbe8ca9ec39","Indexable",""
"https://www.columbusrecoverycenter.com/drugs/methadone-addiction/symptoms-side-effects/","1838","","","13","3","10","en-US","7a77ca5708ed994e387b5c5046c621a6","Indexable",""
"https://www.columbusrecoverycenter.com/drugs/methadone-addiction/treatment-rehab/","2160","","","17","7","10","en-US","a117efc2da88c4f47267bc796f2c902d","Indexable",""
"https://www.columbusrecoverycenter.com/drugs/trazodone-addiction/treatment-rehab/","1894","","","23","10","13","en-US","36edbbef21ddcad867b6defbb2a5825c","Indexable",""
"https://www.columbusrecoverycenter.com/drugs/methadone-addiction/withdrawal-detox/","2184","","","20","10","10","en-US","69df8385a5cb9775d442155b4642bf8e","Indexable",""
"https://www.columbusrecoverycenter.com/drugs/opiate-addiction/treatment-rehab/","2080","","","49","29","20","en-US","8eb7f8872729dc8b4494b0e6ff2650d6","Indexable",""
"https://www.columbusrecoverycenter.com/drugs/valium-addiction/symptoms-side-effects/","1021","","","5","0","5","en-US","8f77e5d0adaf534241cf41ce1d90deae","Indexable",""
"https://www.columbusrecoverycenter.com/blog/drug-trends-in-columbus-what-you-should-know/","1260","","","9","7","2","en-US","c0c8373eb04275f9846821fc204edece","Indexable",""
"https://www.columbusrecoverycenter.com/blog/understanding-ohio-drug-courts/","786","","","7","3","4","en-US","58b6f75b4af5a78257441ae4a8c0a1a6","Indexable",""
"https://www.columbusrecoverycenter.com/blog/stimulants-abuse-and-the-matrix-model-how-it-works-in-ohio-drug-rehab/","791","","","7","3","4","en-US","7a2b40f23c6514081d348e732d37b40f","Indexable",""
"https://www.columbusrecoverycenter.com/blog/crack-use-on-the-rise-what-cincinnati-residents-should-know/","1201","","","11","4","7","en-US","120815ec7a69be82231fe1d60fa65b5e","Indexable",""
"https://www.columbusrecoverycenter.com/blog/do-you-need-a-sponsor-for-addiction-recovery/","826","","","5","3","2","en-US","70be70292299d65f2def0e7ef12fa4d6","Indexable",""
"https://www.columbusrecoverycenter.com/blog/treating-aggression-and-addiction-together-in-ohio-rehab/","1002","","","6","4","2","en-US","5d6542c330a45aa48a5b8ad0d6d013cb","Indexable",""
"https://www.columbusrecoverycenter.com/blog/5-great-reasons-not-to-mix-meds/","975","","","9","5","4","en-US","b3f0a2507b6e2df1a2e9dc5f8675025d","Indexable",""
"https://www.columbusrecoverycenter.com/blog/category/drug-rehab/page/4/","960","","","14","10","4","en-US","9c763c1f628c9cd4777ceb7ccddb6e4f","Non-Indexable","noindex"
"https://www.columbusrecoverycenter.com/blog/dayton-drug-data-reveals-disturbing-trends-in-montgomery-county/","1313","","","9","3","6","en-US","c492263886b739db05ba6e6530ee61eb","Indexable",""
"https://www.columbusrecoverycenter.com/blog/how-to-find-al-anon-meetings-in-ohio/","834","","","6","4","2","en-US","9111fc8c74eda8318b69874fc4a3789f","Indexable",""
"https://www.columbusrecoverycenter.com/blog/are-12-step-programs-really-effective-in-ohio/","1064","","","12","3","9","en-US","43c0f22002649a371869afbdc21b1cdb","Indexable",""
"https://www.columbusrecoverycenter.com/blog/category/drug-rehab/page/6/","957","","","15","11","4","en-US","d5165ec323dc92f703bfa68d65fcf49c","Non-Indexable","noindex"
"https://www.columbusrecoverycenter.com/blog/category/drug-rehab/page/7/","953","","","13","10","3","en-US","6d5a5d8becb9909acffac821a257633f","Non-Indexable","noindex"
"https://www.columbusrecoverycenter.com/blog/addiction-trends-ohio-seniors-with-suds-on-the-rise/","925","","","10","7","3","en-US","b952e05b3d8f13d0ab2b1bb27a71d19a","Indexable",""
"https://www.columbusrecoverycenter.com/blog/5-top-risk-factors-for-opioid-addiction-in-columbus/","915","","","7","5","2","en-US","a06a0fc862a95fec3661c68fdbcc382e","Indexable",""
"https://www.columbusrecoverycenter.com/blog/ohio-residents-ask-are-anabolic-steroids-addictive/","881","","","6","3","3","en-US","b0bb0562cd09a5dc866b4960cefd57b8","Indexable",""
"https://www.columbusrecoverycenter.com/blog/5-common-types-of-behavioral-addiction/","1173","","","18","5","13","en-US","3d4f528a6623e209fe44651ae309cf61","Indexable",""
"https://www.columbusrecoverycenter.com/blog/how-does-an-ohio-arise-intervention-work/","919","","","15","3","12","en-US","fbb7ab14e1ccd739970d4c9c67c1f41","Indexable",""
"https://www.columbusrecoverycenter.com/blog/will-new-public-awareness-campaign-curb-addiction-in-ohio/","929","","","7","3","4","en-US","bd16d9e503e44759485077807138f0df","Indexable",""
"https://www.columbusrecoverycenter.com/blog/tag/rehab/page/5/","952","","","15","11","4","en-US","f544254b13036330c348f4ce0f968bf2","Non-Indexable","noindex"
"https://www.columbusrecoverycenter.com/blog/tag/ohio/page/5/","963","","","14","10","4","en-US","db086bc50b691968e2a686009a5bef94","Non-Indexable","noindex"
"https://www.columbusrecoverycenter.com/blog/tag/rehab/page/4/","977","","","17","12","5","en-US","6a7a4f32354cec8615d94e8d0eb61d96","Non-Indexable","noindex"
"https://www.columbusrecoverycenter.com/blog/tag/ohio/page/6/","943","","","16","10","6","en-US","3f3852e978cb2b84ff4b9f680d4b726b","Non-Indexable","noindex"
"https://www.columbusrecoverycenter.com/blog/deal-addicted-spouse-ohio/","859","","","5","3","2","en-US","e4fa4a11d98a1de5a88348f93e9f01c5","Indexable",""
"https://www.columbusrecoverycenter.com/blog/tag/ohio/page/4/","952","","","13","11","2","en-US","57a5f94d8c2c558a146467d6d9b17088","Non-Indexable","noindex"
"https://www.columbusrecoverycenter.com/blog/ohio-residents-know-adderall-addiction/","774","","","5","3","2","en-US","a01b9c35d80e40311cbfb99f89c2d696","Indexable",""
"https://www.columbusrecoverycenter.com/blog/what-happens-in-ohio-medical-detox/","962","","","8","3","5","en-US","fcda7ed0e3bcac5600fc69dbcae74d71","Indexable",""
"https://www.columbusrecoverycenter.com/blog/can-gaming-addiction-treated/","873","","","7","5","2","en-US","5c5fcddf0d4bed8ffd1f7001a107eef8","Indexable",""
"https://www.columbusrecoverycenter.com/blog/ohio-residents-ask-can-really-get-addicted-heroin-just-one-use/","853","","","7","3","4","en-US","cdbe0af2a6e6e937a692cba684414a63","Indexable",""
"https://www.columbusrecoverycenter.com/blog/heroin-wrecks-body-ohio/","985","","","7","4","3","en-US","ea3bfa9f77fa405b192b2728c2b28b13","Indexable",""
"https://www.columbusrecoverycenter.com/blog/alcohol-abuse-addiction-ohio/","2269","","","21","4","17","en-US","fa63d0e54b4750f538a6e295c6f8a064","Indexable",""
"https://www.columbusrecoverycenter.com/blog/rapid-detox-safe-ohio-drug-rehab/","770","","","6","4","2","en-US","3881081f807a1489d6ab9050e0fdc126","Indexable",""
"https://www.columbusrecoverycenter.com/blog/combating-stigma-against-substance-misuse/","885","","","5","3","2","en-US","ea97cdff1f7ca75b1ab6807927be1f31","Indexable",""
"https://www.columbusrecoverycenter.com/blog/using-alcohol-to-ease-chronic-pain-why-its-a-bad-idea-in-ohio/","1024","","","6","3","3","en-US","ba2afa761a44af120a34f0704afb55ac","Indexable",""
"https://www.columbusrecoverycenter.com/blog/should-ohio-moms-to-be-smoke-pot/","752","","","9","3","6","en-US","d3b0efbf90c56e2448646c54028d9a6c","Indexable",""
"https://www.columbusrecoverycenter.com/blog/handling-a-friends-relapse/","1051","","","6","3","3","en-US","b24a8e49dd6f6455299d67b9ac765586","Indexable",""
"https://www.columbusrecoverycenter.com/blog/can-your-employer-force-you-to-take-a-drug-test/","789","","","11","5","6","en-US","7bc56acba9a1f0fb5a156a33c44cab3f","Indexable",""
"https://www.columbusrecoverycenter.com/blog/new-ohio-opioid-workplace-safety-program/","856","","","8","5","3","en-US","517103e63fef6db25463b65d559c7c11","Indexable",""
"https://www.columbusrecoverycenter.com/blog/tag/addiction/page/2/","941","","","16","13","3","en-US","649f2f1c84cba6de909a44f66b7b92a8","Non-Indexable","noindex"
"https://www.columbusrecoverycenter.com/blog/can-you-meditate-your-way-out-of-addiction/","949","","","6","3","3","en-US","77930a5671629b6d2b43ec9997ea9341","Indexable",""
"https://www.columbusrecoverycenter.com/blog/ohio-kids-flood-foster-care-system-as-opioid-addiction-rates-rise/","1222","","","8","6","2","en-US","6af0adceaa3c096f4311b1f420f520ee","Indexable",""
"https://www.columbusrecoverycenter.com/blog/tag/addiction/page/3/","947","","","17","11","6","en-US","3efc12b172f765ee410d1aebae25d9d9","Non-Indexable","noindex"
"https://www.columbusrecoverycenter.com/blog/neurofeedback-addiction-recovery/","893","","","4","3","1","en-US","67b915f6ea15853f5db4c2fddf8a1153","Indexable",""
"https://www.columbusrecoverycenter.com/blog/butler-county-drug-trafficking/","885","","","10","6","4","en-US","814055b86e073a7997f0e772d55c085b","Indexable",""
"https://www.columbusrecoverycenter.com/blog/successful-addiction-recovery-is-a-journey/","830","","","6","3","3","en-US","4af54c2abb1e77bf804f309047b48fe0","Indexable",""
"https://www.columbusrecoverycenter.com/blog/tag/addiction/page/4/","799","","","16","11","5","en-US","f796bce32f839d6fd7aff12ca5670511","Non-Indexable","noindex"
"https://www.columbusrecoverycenter.com/the-dangers-of-drugged-driving/","1848","","","23","9","14","en-US","d8fa869a5a7abec06047b34a6f8a6a5","Indexable",""
"https://www.columbusrecoverycenter.com/blog/amendment-petition-may-help-ohio-addicts-get-treatment-instead-jail-time/","713","","","6","4","2","en-US","c9139a15c7e782ced393d33785b8b9a","Indexable",""
"https://www.columbusrecoverycenter.com/blog/new-billboard-campaign-set-get-ohioans-talking-substance-abuse/","752","","","5","4","1","en-US","795dcf503517d2af9879e116d89a8a84","Indexable",""
"https://www.columbusrecoverycenter.com/blog/ohio-rehab-romance-might-want-think-twice/","875","","","7","3","4","en-US","e194e0981693ee5714ae3282da54c97e","Indexable",""
"https://www.columbusrecoverycenter.com/blog/ohio-sober-houses-work/","801","","","4","3","1","en-US","4b4fafd437c9867e20d4e678f44a07d0","Indexable",""
"https://www.columbusrecoverycenter.com/blog/ohio-universities-concerned-binge-drinking-among-students/","757","","","19","4","15","en-US","f87ce643294c1f3e86a54e2b27df9e29","Indexable",""
"https://www.columbusrecoverycenter.com/blog/former-ohio-state-neurosurgeon-spearheading-use-brain-imaging-addiction-treatment/","825","","","9","5","4","en-US","a966644dbd89b8c47c8c42112d3ec729","Indexable",""
"https://www.columbusrecoverycenter.com/blog/addiction-mental-illness-two-go-hand-hand-ohio/","789","","","7","3","4","en-US","72b327db313834bc0b8d533f2f25f461","Indexable",""
"https://www.columbusrecoverycenter.com/blog/force-person-addiction-treatment/","846","","","7","4","3","en-US","f64f4315932e3bd28a2ca3b45e9bc5d6","Indexable",""
"https://www.columbusrecoverycenter.com/blog/fight-food-addiction/","874","","","6","5","1","en-US","59faf500ded7d38980760639ce6a4239","Indexable",""
"https://www.columbusrecoverycenter.com/recovery-blog/page/19/","951","","","15","10","5","en-US","517ab5a9da2a5bbe8c8639ff18df7d0c","Indexable",""
"https://www.columbusrecoverycenter.com/drugs/effexor-addiction/treatment-rehab/","2212","","","71","57","14","en-US","b22986a7affef6471e1f9fee3d8545f1","Indexable",""
"https://www.columbusrecoverycenter.com/drugs/trazodone-addiction/symptoms-side-effects/","1241","","","40","14","26","en-US","b49f56ab6c5050ebe51f03945b92f2a5","Indexable",""
"https://www.columbusrecoverycenter.com/blog/heavy-alcohol-abuse-and-dts-what-ohio-drinkers-should-know/","968","","","26","23","3","en-US","50b642a1e9727a1dc881b2d8ab6d0713","Indexable",""
"https://www.columbusrecoverycenter.com/blog/alcohol-detox-dangerous-to-do-alone/","1008","","","18","11","7","en-US","94870d11355f1c9783812a294d5885ac","Indexable",""
"https://www.columbusrecoverycenter.com/help-teen-with-mental-health-issues/","1632","","","34","16","18","en-US","3cdcdac4e4b7f696be97936c00d1638","Indexable",""
"https://www.columbusrecoverycenter.com/drugs/amphetamines-addiction/","2432","","","38","23","15","en-US","d971a7212e93e466b32a91054727fb6d","Indexable",""
"https://www.columbusrecoverycenter.com/recovery-blog/page/6/","1037","","","24","19","5","en-US","dd9ce1400d1e27de682b449873db7ff0","Indexable",""
"https://www.columbusrecoverycenter.com/drugs/suboxone-addiction/treatment-rehab/","2779","","","38","22","16","en-US","d197721bb518c04a08f97197b05ff63d","Indexable",""
"https://www.columbusrecoverycenter.com/drugs/suboxone-addiction/withdrawal-detox/","2502","","","78","51","27","en-US","bf24b3ab3f49bda3092c022bcbcd994","Indexable",""
"https://www.columbusrecoverycenter.com/drugs/suboxone-addiction/symptoms-side-effects/","2666","","","63","37","26","en-US","777f95da2c9cda2581aa53a6f8e1c78f","Indexable",""
"https://www.columbusrecoverycenter.com/blog/8-milestones-to-celebrate-recovery/","1284","","","14","3","11","en-US","61d0f17371ca091e4b9deee5356f9b62","Indexable",""
"https://www.columbusrecoverycenter.com/blog/reduce-dementia-risk-ohio-alcohol-rehab/","902","","","10","3","7","en-US","aecf92b279208668c9e52c5e2b7e5612","Indexable",""
"https://www.columbusrecoverycenter.com/blog/when-does-gaming-become-a-problem/","798","","","7","3","4","en-US","3808aae6394bef388903ec7b4e50ba16","Indexable",""
"https://www.columbusrecoverycenter.com/blog/ohio-residents-turn-to-non-opioid-pain-management-strategies/","824","","","9","5","4","en-US","21035e4479dfa75913601d97d4a88a48","Indexable",""
"https://www.columbusrecoverycenter.com/blog/achieving-emotional-sobriety-after-rehab/","755","","","5","3","2","en-US","5929991c7ccaa0afa31907b5441b50a9","Indexable",""
"https://www.columbusrecoverycenter.com/blog/yoga-in-addiction-recovery/","894","","","5","3","2","en-US","3c3f56850f07728c5d4a9f289c6034e1","Indexable",""
"https://www.columbusrecoverycenter.com/blog/will-ohio-get-additional-funding-for-needle-exchange-programs/","802","","","7","4","3","en-US","7e75aa0bd526b9cdb6a649b91ce80c84","Indexable",""
"https://www.columbusrecoverycenter.com/blog/heroin-withdrawal-what-to-expect/","891","","","6","3","3","en-US","197e3191818a24d3bdf6050f5e6982be","Indexable",""
"https://www.columbusrecoverycenter.com/blog/bariatric-surgery-alcohol-misuse/","878","","","8","4","4","en-US","f107538594e1435cdceec29c9e78adce","Indexable",""
"https://www.columbusrecoverycenter.com/blog/pdmps-opioid-crisis/","738","","","20","18","2","en-US","f8fe9abddc21e8314e60f71d2b3146e","Indexable",""
"https://www.columbusrecoverycenter.com/blog/signs-klonopin-addiction/","885","","","20","19","1","en-US","b18cdeef6c825dbbd634edd829c136fb","Indexable",""
"https://www.columbusrecoverycenter.com/blog/cdc-overdose-report-2018/","1237","","","6","4","2","en-US","1ee1300b3cdb9ae3d371609b296b06ad","Indexable",""
"https://www.columbusrecoverycenter.com/blog/rock-bottom-myth/","719","","","6","3","3","en-US","b205d9d216f5ca77bbc3edf4540f79c2","Indexable",""
"https://www.columbusrecoverycenter.com/blog/managing-anger-in-recovery/","717","","","8","3","5","en-US","b8412f3d8d165762a5e3abc7ce8763f9","Indexable",""
"https://www.columbusrecoverycenter.com/blog/what-is-lifering-and-how-does-it-help-ohio-addicts/","863","","","34","24","10","en-US","34c1babccc9a6855aa7ebbbab7b2f072","Indexable",""
"https://www.columbusrecoverycenter.com/blog/vicodin-and-alcohol/","927","","","3","3","0","en-US","636538d14815ff827398ca7b8cd5494f","Indexable",""
"https://www.columbusrecoverycenter.com/blog/mental-illness-addiction-veterans/","900","","","5","3","2","en-US","dd21d7d871a9370b552bbd5bd50c3394","Indexable",""
"https://www.columbusrecoverycenter.com/blog/collaborative-care/","705","","","6","4","2","en-US","7288bb610a4fc3ef1b3f38c225fe6b77","Indexable",""
"https://www.columbusrecoverycenter.com/blog/crack-addictiveness/","898","","","6","3","3","en-US","f0033e58a73f7dbe913a3a9d76726771","Indexable",""
"https://www.columbusrecoverycenter.com/blog/vitamins-addiction-recovery/","991","","","8","5","3","en-US","a9cffae35dbb3396947a8373d595d89b","Indexable",""
"https://www.columbusrecoverycenter.com/blog/steroids-brain/","930","","","4","3","1","en-US","372fd791dafabcd0a200f2e68ccd232","Indexable",""
"https://www.columbusrecoverycenter.com/blog/dangers-of-valium/","856","","","5","3","2","en-US","5cd29f3a47ca4d8411a2bbcf0defe86e","Indexable",""
"https://www.columbusrecoverycenter.com/blog/effects-of-adderall/","930","","","7","4","3","en-US","5eaa1ed848e9cdaeda5cda287651eb","Indexable",""
"https://www.columbusrecoverycenter.com/blog/category/uncategorized/page/6/","926","","","25","20","5","en-US","e9c123a11e5df85b9fa035343908ed5c","Non-Indexable","noindex"
"https://www.columbusrecoverycenter.com/blog/victim-mentality/","823","","","6","3","3","en-US","bd6965c9e2b8b0ddef0938f6fb0203cd","Indexable",""
"https://www.columbusrecoverycenter.com/blog/signs-hydrocodone-addiction/","856","","","5","3","2","en-US","86e77de2dd68053ee936d316779d4b87","Indexable",""
"https://www.columbusrecoverycenter.com/blog/exercise-in-recovery/","819","","","5","3","2","en-US","2dbe093f75c8f6516f534f306202d3ec","Indexable",""
"https://www.columbusrecoverycenter.com/blog/benzos-addictive/","909","","","30","29","1","en-US","f9cb469462b099b4d7e806ea9dd00d3d","Indexable",""
"https://www.columbusrecoverycenter.com/blog/is-kratom-addictive/","990","","","57","53","4","en-US","876933530e8faf6d8cef9a2fd9594b3b","Indexable",""
"https://www.columbusrecoverycenter.com/blog/longevity-of-methadone-in-system/","1008","","","8","4","4","en-US","ef0e1414aa691d63a57606c97d51d636","Indexable",""
"https://www.columbusrecoverycenter.com/blog/county-offers-free-fentanyl-strips-decrease-overdoses/","796","","","13","7","6","en-US","e49abcba27a2ffde5327376eb4ac350","Indexable",""
"https://www.columbusrecoverycenter.com/blog/michigan-offers-free-nicotine-patches-gum/","925","","","20","14","6","en-US","93849d1820f40396024c561ff5fedf07","Indexable",""
"https://www.columbusrecoverycenter.com/blog/should-pharma-pay-opioid-epidemic/","1446","","","34","19","15","en-US","1365208f336b51684e324e8085af862f","Indexable",""
"https://www.columbusrecoverycenter.com/blog/category/uncategorized/page/5/","960","","","52","46","6","en-US","1835ee667cc2943bb20624dd54250f0d","Non-Indexable","noindex"
"https://www.columbusrecoverycenter.com/blog/narcan-carried-delta-flights-after-passenger-opiate-overdose/","1121","","","46","36","10","en-US","7f1c465669d232139bba661070edeb74","Indexable",""
"https://www.columbusrecoverycenter.com/blog/ohio-addiction-treatment-over-incarceration/","809","","","16","8","8","en-US","851c0272af4d4dbf01a48d0d8a525d1e","Indexable",""
"https://www.columbusrecoverycenter.com/blog/meth-epidemic-under-radar-due-to-marijuana-legalization-opioid-crisis/","1307","","","14","9","5","en-US","84a3503eaaea79c1b0edddf01d11db7c","Indexable",""
"https://www.columbusrecoverycenter.com/blog/illinois-to-expunge-800000-marijuana-convictions/","845","","","10","5","5","en-US","4b2f90794fdf1bd42863452bbfa237e5","Indexable",""
"https://www.columbusrecoverycenter.com/facts-drugs/","2363","","","17","9","8","en-US","48748f17e719b40fdaedc4a8b9ee509a","Indexable",""
"https://www.columbusrecoverycenter.com/recovery-blog/cuyahoga-county-test-detects-fentanyl/","875","","","8","0","8","en-US","5ab4646479642e4a1dc23dc4eb7bff4f","Indexable",""
"https://www.columbusrecoverycenter.com/blog/medicine-jail-help-inmates-addiction/","1015","","","23","20","3","en-US","655ab30d7628403dd04b6ffa04628c4b","Indexable",""
"https://www.columbusrecoverycenter.com/drugs/oxycontin-addiction/withdrawal-detox/","1864","","","48","28","20","en-US","1c36b7d56e44e24e5c208a4cbfe8d63c","Indexable",""
"https://www.columbusrecoverycenter.com/blog/tag/recovery/","921","","","17","13","4","en-US","cf4150c5b686259a3b25851eed2f1424","Non-Indexable","noindex"
"https://www.columbusrecoverycenter.com/blog/tag/detox/","324","","","4","2","2","en-US","95b8cb424b1f0f676f82624be6f88b92","Non-Indexable","noindex"
"https://www.columbusrecoverycenter.com/blog/4-benefits-ohio-drug-rehab/","879","","","8","3","5","en-US","1095c4eab98d0c013c806d992babe58e","Indexable",""
"https://www.columbusrecoverycenter.com/blog/understanding-tolerance-dependence-addiction-columbus-rehab/","854","","","7","4","3","en-US","52d4a2350dc80b95b65d8d6a3a89db86","Indexable",""
"https://www.columbusrecoverycenter.com/blog/4-reasons-find-aftercare-support/","766","","","7","3","4","en-US","ae49201bc0ca0b710da2b58f65c51fc3","Indexable",""
"https://www.columbusrecoverycenter.com/blog/ohio-hospitals-team-addiction-treatment-providers-address-crisis/","791","","","11","7","4","en-US","b547dfd501e66d592ed95526e6d34ba3","Indexable",""
"https://www.columbusrecoverycenter.com/blog/ohio-couple-turn-activism-devastating-opioid-losses/","739","","","14","11","3","en-US","9d7f6ad036b76b9f03f4e3a2e5dc8c69","Indexable",""
"https://www.columbusrecoverycenter.com/steroid-abuse/","2288","","","51","31","20","en-US","c54c5b93aa14450e7529d012f20b4aec","Indexable",""
"https://www.columbusrecoverycenter.com/blog/gabapentin-abuse-ohio-know/","930","","","8","3","5","en-US","2be2c743fdf65079b2d66f34d479b8b","Indexable",""
"https://www.columbusrecoverycenter.com/blog/developing-self-awareness-in-drug-rehab/","876","","","5","3","2","en-US","8a0e831ed2b3cc429b0d93a04d7f4870","Indexable",""
"https://www.columbusrecoverycenter.com/blog/ohioans-know-crack-detox/","827","","","6","3","3","en-US","ff048a8fc03e5b36205a88ec2a5407b9","Indexable",""
"https://www.columbusrecoverycenter.com/blog/category/drug-rehab/page/5/","961","","","18","12","6","en-US","e69fb9dffe39b17f568a02b5acc7b55c","Non-Indexable","noindex"
"https://www.columbusrecoverycenter.com/blog/ohio-county-court-recognizes-link-addiction-mental-illness/","736","","","6","6","0","en-US","94116ba2be0c5aabf097b68338b88c68","Indexable",""
"https://www.columbusrecoverycenter.com/blog/tag/heroin/","243","","","2","1","1","en-US","b5b00f469ff52c76a72691e7e6814ef","Non-Indexable","noindex"
"https://www.columbusrecoverycenter.com/drugs/klonopin-addiction/symptoms-side-effects/","980","","","4","1","3","en-US","5c08a8d85b0b1724f759e2e336a354b","Indexable",""
"https://www.columbusrecoverycenter.com/recovery-blog/page/7/","975","","","56","52","4","en-US","e34a7d52d1f197acb4d40f9c8c780c23","Indexable",""
"https://www.columbusrecoverycenter.com/drugs/amphetamines-addiction/withdrawal-detox/","1579","","","22","14","8","en-US","2260eb248514e71b51e9cc0e142be45d","Indexable",""
"https://www.columbusrecoverycenter.com/drugs/amphetamines-addiction/symptoms-side-effects/","1769","","","29","11","18","en-US","a7be0defe4f1c3d531d3ac4f97039a58","Indexable",""
"https://www.columbusrecoverycenter.com/blog/handle-stress-without-drugs-alcohol/","750","","","4","3","1","en-US","c6a956588bc884d3db30b72eb497256c","Indexable",""
"https://www.columbusrecoverycenter.com/blog/whats-ohioans-know-opioids-hearing-loss/","852","","","10","7","3","en-US","d93f279d3cf13955ee1289860d501ca5","Indexable",""
"https://www.columbusrecoverycenter.com/recovery-blog/page/18/","943","","","17","12","5","en-US","273632af6680b80b96cb614f64ac4807","Indexable",""
"https://www.columbusrecoverycenter.com/blog/will-changes-medicaid-affect-ohio-drug-rehab-patients/","730","","","6","4","2","en-US","233b362361247c9078bf0fe1c9b37852","Indexable",""
"https://www.columbusrecoverycenter.com/blog/long-term-effects-of-kratom-on-body/","1108","","","51","49","2","en-US","34db7b2f168916225cf02fb9c95e9e30","Indexable",""
"https://www.columbusrecoverycenter.com/blog/salvia-abuse-treatment/","1398","","","81","69","12","en-US","60e67a4506d580a1abb64877b6bf27cc","Indexable",""
"https://www.columbusrecoverycenter.com/blog/norco-side-effects/","939","","","35","29","6","en-US","588943c474ac72de12ea7f19ac97db9d","Indexable",""
"https://www.columbusrecoverycenter.com/blog/how-long-are-opiates-in-your-system/","917","","","6","3","3","en-US","ff482f134b36bb36ecfa9d9145f0fb53","Indexable",""
"https://www.columbusrecoverycenter.com/blog/is-kratom-legal/","985","","","59","49","10","en-US","60bc4e04d936fcc96dbeb31783e9a35d","Indexable",""
"https://www.columbusrecoverycenter.com/blog/salvia-abuse-symptoms-and-side-effects/","988","","","51","45","6","en-US","20be06294e1e472bc82a96eab41005d","Indexable",""
"https://www.columbusrecoverycenter.com/blog/treating-addiction-and-brain-injury/","962","","","6","6","0","en-US","e65ee92020c549588f90e90f2e920ede","Indexable",""
"https://www.columbusrecoverycenter.com/blog/xanax-and-norco/","1054","","","49","39","10","en-US","fbe5acd3780a54dbc5ce4410a281e5f4","Indexable",""
"https://www.columbusrecoverycenter.com/blog/identify-and-treat-a-valium-overdose/","862","","","6","4","2","en-US","d666ec82deeb1ca42de13fb269012cd1","Indexable",""
"https://www.columbusrecoverycenter.com/blog/addiction-recovery-quotes/","977","","","10","7","3","en-US","f4863c266e31c018c00441aa1fac6e8b","Indexable",""
"https://www.columbusrecoverycenter.com/blog/what-to-do-for-amphetamine-overdose/","845","","","5","3","2","en-US","58434055d321bca6ec4133d18d689a85","Indexable",""
"https://www.columbusrecoverycenter.com/blog/what-is-the-kindling-effect/","905","","","11","3","8","en-US","80ba1ae71b538adefaabae6a295bf412","Indexable",""
"https://www.columbusrecoverycenter.com/blog/a-look-at-ohios-drug-and-human-trafficking-problem/","899","","","7","3","4","en-US","a317e717e4ad43bb5a0f808a1fabfe10","Indexable",""
"https://www.columbusrecoverycenter.com/blog/adderall-misuse/","967","","","5","3","2","en-US","b729114d2b5d829c694b27999934944c","Indexable",""
"https://www.columbusrecoverycenter.com/blog/what-is-meloxicam/","913","","","9","5","4","en-US","e057914dec31642c018d0d93890f58a4","Indexable",""
"https://www.columbusrecoverycenter.com/recovery-blog/page/17/","1031","","","21","16","5","en-US","19954452376d7aea07c8206495742daa","Indexable",""
"https://www.columbusrecoverycenter.com/recovery-blog/page/8/","913","","","30","26","4","en-US","f17c5341e29d6fb7bd81420b1185655e","Indexable",""
"https://www.columbusrecoverycenter.com/recovery-blog/page/9/","918","","","15","10","5","en-US","9dd6330a1928ab836e4800465876d8d2","Indexable",""
"https://www.columbusrecoverycenter.com/recovery-blog/page/16/","977","","","19","13","6","en-US","f4b83753da70ea7f9ae8c57aeb8ff6cd","Indexable",""
"https://www.columbusrecoverycenter.com/recovery-blog/page/15/","997","","","18","11","7","en-US","bfb31041fc4157d8f1669d6ef8df6ffe","Indexable",""
"https://www.columbusrecoverycenter.com/recovery-blog/page/10/","931","","","16","14","2","en-US","4bf5983e46b2be087980b3805ca211e","Indexable",""
"https://www.columbusrecoverycenter.com/drugs/klonopin-addiction/withdrawal-detox/","1635","","","33","22","11","en-US","c8293e37689882bbb54f28a740b5d25b","Indexable",""
"https://www.columbusrecoverycenter.com/recovery-blog/page/11/","933","","","15","12","3","en-US","b342ef4807ec140291c1d6a74b0922a2","Indexable",""
"https://www.columbusrecoverycenter.com/recovery-blog/page/14/","959","","","18","14","4","en-US","b9a3bab7eae7e623a126b509f0762cbe","Indexable",""
"https://www.columbusrecoverycenter.com/recovery-blog/page/12/","947","","","18","13","5","en-US","8bcbd29706089ee186fb3bdf3c1bac62","Indexable",""
"https://www.columbusrecoverycenter.com/recovery-blog/page/13/","942","","","14","10","4","en-US","a1bf31e4202078b4c760cc7ebb28ed65","Indexable",""
