"Address","Content Type","Status Code","Status","Crawl Depth","Inlinks"
"https://pubmed.ncbi.nlm.nih.gov/33221256/","text/html; charset=iso-8859-1","302","Found","5","2"
"https://www.mayoclinic.org/diseases-conditions/insomnia/expert-answers/lack-of-sleep/faq-20057757","text/html; charset=utf-8","200","OK","5","4"
"https://www.yalemedicine.org/news/women-are-your-hormones-keeping-you-up-at-night","text/html; charset=utf-8","200","OK","5","2"
"https://www.mentalhealth.gov/basics/what-is-mental-health","text/html; charset=UTF-8","200","OK","5","2"
"https://onlinelibrary.wiley.com/doi/abs/10.1002/hfm.20721","text/html; charset=UTF-8","503","Service Temporarily Unavailable","5","2"
"https://healthcare.utah.edu/the-scope/shows.php?shows=0_bwfx6uba","text/html; charset=utf-8","200","OK","5","2"
"https://adage.com/article/digital/industry-executives-predict-happen-2019/316062/","text/html; charset=UTF-8","301","Moved Permanently","5","4"
"https://jamanetwork.com/journals/jamapediatrics/article-abstract/2703913","text/html","403","Forbidden","5","2"
"https://www.smithsonianmag.com/history/100-years-later-madness-daylight-saving-time-endures-180968435/","text/html; charset=utf-8","200","OK","5","2"
"https://www.hopkinsmedicine.org/health/wellness-and-prevention/teenagers-and-sleep-how-much-sleep-is-enough","text/html; charset=utf-8","200","OK","5","2"
"https://www.mayoclinic.org/healthy-lifestyle/adult-health/in-depth/burnout/art-20046642","text/html; charset=utf-8","200","OK","5","2"
"https://www.sciencefocus.com/the-human-body/why-does-reading-make-you-sleepy/","text/html; charset=utf-8","200","OK","5","2"
"https://www.cdc.gov/sleep/about_sleep/how_much_sleep.html","text/html","200","OK","4","2"
"https://peerj.com/articles/851/","text/html; charset=UTF-8","200","OK","5","4"
"https://www.statista.com/statistics/1122987/change-in-remote-work-trends-after-covid-in-usa/","text/html; charset=UTF-8","200","OK","5","2"
"https://www.apa.org/news/press/releases/stress/2020/report","text/html; charset=utf-8","200","OK","5","2"
"https://laylasleep.com/pros-and-cons-sleeping-on-your-back/","text/html; charset=utf-8","200","OK","5","2"
"https://pranaworld.net/benefits-of-meditating-during-full-moon/","text/html; charset=UTF-8","200","OK","5","6"
"https://pubmed.ncbi.nlm.nih.gov/11413947/","text/html; charset=iso-8859-1","302","Found","5","2"
"https://health.ucdavis.edu/newsroom/news/headlines/10-health-benefits-of-meditation/2019/06","text/html; charset=UTF-8","301","Moved Permanently","5","2"
"https://www.mayoclinic.org/diseases-conditions/restless-legs-syndrome/symptoms-causes/syc-20377168","text/html; charset=utf-8","200","OK","5","2"
"https://www.ncbi.nlm.nih.gov/pmc/articles/PMC2564771/","text/html; charset=iso-8859-1","302","Found","5","2"
"https://www.mayoclinic.org/diseases-conditions/coronavirus/in-depth/mental-health-covid-19/art-20482731","text/html; charset=utf-8","200","OK","5","2"
"https://www.apa.org/topics/stress","text/html; charset=utf-8","200","OK","5","2"
"https://evidencebasedliving.human.cornell.edu/2017/02/16/the-evidence-on-vacations-2/","text/html; charset=UTF-8","200","OK","5","2"
"https://onlinelibrary.wiley.com/doi/full/10.1111/j.1475-3588.2011.00643.x","text/html; charset=UTF-8","503","Service Temporarily Unavailable","5","2"
"https://www.tandfonline.com/doi/full/10.1080/17470919.2016.1188851?scroll=top&needAccess=true","text/html; charset=utf-8","302","Found","5","4"
"https://content.iospress.com/articles/journal-of-alzheimers-disease/jad151106","text/html;charset=UTF-8","200","OK","5","2"
"https://www.independent.co.uk/extras/indybest/outdoor-activity/best-massage-tools-a6897461.html","text/html; charset=utf-8","301","Moved Permanently","5","2"
"https://www.ncbi.nlm.nih.gov/pubmed/18426457","text/html; charset=iso-8859-1","302","Found","5","2"
"https://www.sciencedaily.com/releases/2019/07/190715114302.htm","text/html","200","OK","5","2"
"https://search.informit.org/doi/10.3316/INFORMIT.120513353521924","text/html; charset=utf-8","302","Found","5","2"
"https://www.steadyhealth.com/topics/weird-sensation-feels-good","text/html; charset=UTF-8","200","OK","5","4"
"https://pubmed.ncbi.nlm.nih.gov/26390335/","text/html; charset=iso-8859-1","302","Found","5","4"
"https://direct.mit.edu/jocn/article-abstract/26/7/1469/28130/White-Noise-Improves-Learning-by-Modulating?redirectedFrom=fulltext","text/html","403","Forbidden","5","2"
"https://www.forbes.com/sites/dinakaplan/2017/04/30/meditation-for-manifesting-your-dreams-and-accomplishing-your-goals/?sh=571fc45636c2","text/html; charset=utf-8","200","OK","5","2"
"https://www.ncbi.nlm.nih.gov/pmc/articles/PMC3830719/","text/html; charset=iso-8859-1","302","Found","4","2"
"https://casper.com/blog/ca/en/how-many-hours-do-dogs-sleep/","text/html; charset=UTF-8","200","OK","5","2"
"https://www.sleepfoundation.org/noise-and-sleep/binaural-beats","text/html; charset=UTF-8","200","OK","4","2"
"https://www.mindbodygreen.com/articles/being-chased-in-a-dream","text/html; charset=utf-8","200","OK","5","2"
"http://news.berkeley.edu/2018/08/14/sleep-viral-loneliness/","text/html","301","Moved Permanently","5","2"
"https://www.ncbi.nlm.nih.gov/pmc/articles/PMC3026881/","text/html; charset=iso-8859-1","302","Found","5","2"
"https://www.psychologytoday.com/us/blog/the-mindful-self-express/201511/how-gratitude-leads-happier-life","text/html; charset=iso-8859-1","403","Forbidden","5","2"
"https://www.healthline.com/health/fever-dream","text/html; charset=utf-8","200","OK","4","2"
"https://www.epa.gov/report-environment/indoor-air-quality","text/html; charset=UTF-8","200","OK","3","4"
"https://www.nih.gov/news-events/nih-research-matters/how-disrupted-sleep-may-lead-heart-disease","text/html; charset=utf-8","200","OK","5","2"
"https://www.whoop.com/thelocker/increase-rem-sleep/","text/html; charset=UTF-8","200","OK","5","2"
"https://www.sleepfoundation.org/children-and-sleep/when-do-kids-stop-napping","text/html; charset=UTF-8","200","OK","4","2"
"https://pubmed.ncbi.nlm.nih.gov/29073412/","text/html; charset=iso-8859-1","302","Found","5","2"
"https://www.health.harvard.edu/blog/four-ways-to-help-your-child-get-enough-sleep-2017092612472","text/html; charset=UTF-8","200","OK","5","2"
"https://www.youtube.com/watch?v=LXmlN9BAddg","text/html; charset=utf-8","200","OK","5","4"
"https://www.mayoclinic.org/healthy-lifestyle/adult-health/expert-answers/melatonin-side-effects/faq-20057874","text/html; charset=utf-8","200","OK","5","2"
"https://www.monster.com/about/a/red-white-and-mostly-blue-monster-data-shows-that-the-us-continues-to-suffer-the-most-from-sunday-night-blues","text/html; charset=utf-8","200","OK","5","2"
"https://www.ncbi.nlm.nih.gov/pmc/articles/PMC4814782/","text/html; charset=iso-8859-1","302","Found","5","2"
"https://www.ncbi.nlm.nih.gov/pubmed/9423966","text/html; charset=iso-8859-1","302","Found","5","3"
"https://www.mayoclinic.org/diseases-conditions/sleep-apnea/symptoms-causes/syc-20377631","text/html; charset=utf-8","200","OK","5","8"
"https://www.sleepfoundation.org/how-sleep-works/what-happens-when-you-sleep","text/html; charset=UTF-8","200","OK","5","2"
"https://academic.oup.com/ajcn/article/106/5/1213/4822338","text/html","403","Forbidden","5","2"
"https://www.discovery.com/science/neuroscientists-found-the-most-relaxing-song","text/html; charset=UTF-8","200","OK","5","2"
"https://www.tinnitus.org.uk/tinnitus-and-sleep","text/html; charset=utf-8","200","OK","5","4"
"https://pubmed.ncbi.nlm.nih.gov/29604546/","text/html; charset=iso-8859-1","302","Found","5","2"
"https://www.unr.edu/counseling/virtual-relaxation-room/releasing-stress-through-the-power-of-music","text/html; charset=utf-8","200","OK","5","2"
"https://www.ncbi.nlm.nih.gov/pmc/articles/PMC4407465/","text/html; charset=iso-8859-1","302","Found","5","2"
"https://www.ncbi.nlm.nih.gov/pmc/articles/PMC2941540/","text/html; charset=iso-8859-1","302","Found","5","2"
"https://www.tandfonline.com/doi/abs/10.1080/15377903.2013.863259?journalCode=wapp20","text/html; charset=utf-8","302","Found","5","2"
"https://www.youtube.com/channel/UCYuYzryODsZvlmYha76oDmw","text/html; charset=utf-8","200","OK","3","36"
"https://www.ncbi.nlm.nih.gov/pmc/articles/PMC5359339/","text/html; charset=iso-8859-1","302","Found","5","2"
"https://www.columbiapsychiatry.org/news/covid-q-insomnia","text/html; charset=utf-8","200","OK","5","2"
"https://www.urmc.rochester.edu/encyclopedia/content.aspx?ContentTypeID=1&ContentID=4460","text/html; charset=utf-8","200","OK","5","2"
"https://www.health.harvard.edu/blog/daylight-saving-time-fall-back-doesnt-equal-sleep-gain-201311016836","text/html; charset=UTF-8","301","Moved Permanently","5","4"
"https://www.youtube.com/watch?v=SiuQXje057M","text/html; charset=utf-8","200","OK","5","5"
"https://www.researchgate.net/publication/256752574_Self-affirmation_as_a_deliberate_coping_strategy_The_moderating_role_of_choice","text/html; charset=utf-8","200","OK","5","2"
"https://journals.sagepub.com/doi/10.4278/ajhp.121031-ARB-528","text/html; charset=UTF-8","503","Service Temporarily Unavailable","5","2"
"https://apps.apple.com/US/app/id314498713?mt=8","text/html; charset=utf-8","200","OK","3","0"
"https://pubmed.ncbi.nlm.nih.gov/9430266/","text/html; charset=iso-8859-1","302","Found","5","2"
"https://pubmed.ncbi.nlm.nih.gov/24121465/","text/html; charset=iso-8859-1","302","Found","5","2"
"https://psycnet.apa.org/record/2016-43508-002","text/html; charset=UTF-8","200","OK","5","2"
"https://www.popsugar.com/fitness/Can-Meditation-Help-You-Sleep-45581815","text/html; charset=utf-8","200","OK","5","2"
"https://www.healthline.com/health/food-nutrition/lemongrass-tea","text/html; charset=utf-8","200","OK","5","2"
"https://www.livescience.com/42198-what-is-oxytocin.html","text/html; charset=utf-8","200","OK","4","2"
"https://www.rand.org/pubs/research_reports/RR1791.html","text/html; charset=UTF-8","200","OK","5","2"
"https://onlinelibrary.wiley.com/doi/full/10.1111/j.1365-2869.2006.00527.x","text/html; charset=UTF-8","503","Service Temporarily Unavailable","5","2"
"https://www.nami.org/mhstats","text/html; charset=utf-8","200","OK","5","2"
"https://www.farmersalmanac.com/full-moon-dates-and-times","text/html; charset=UTF-8","200","OK","5","2"
"https://www.nytimes.com/2019/04/25/us/americans-stressful.html","text/html; charset=utf-8","200","OK","5","2"
"https://www.youtube.com/watch?v=JbdhDlljM18","text/html; charset=utf-8","200","OK","5","1"
"https://en.wikipedia.org/wiki/Russell_Foster","text/html; charset=UTF-8","200","OK","5","2"
"https://www.sleepfoundation.org/noise-and-sleep/music","text/html; charset=UTF-8","200","OK","5","2"
"https://www.nature.com/articles/4001203","text/html","303","See Other","5","2"
"https://www.ncbi.nlm.nih.gov/pmc/articles/PMC5843960/","text/html; charset=iso-8859-1","302","Found","5","2"
"https://www.healthline.com/health/how-long-does-caffeine-last","text/html; charset=utf-8","200","OK","5","2"
"https://www.psychologytoday.com/us/blog/ritual-and-the-brain/201811/the-unexpected-science-fresh-starts-and-failures","text/html; charset=iso-8859-1","403","Forbidden","5","2"
"https://www.verywellmind.com/aromatherapy-scents-for-stress-relief-3144599","text/html;charset=utf-8","200","OK","5","2"
"https://pubmed.ncbi.nlm.nih.gov/28780647/","text/html; charset=iso-8859-1","302","Found","4","2"
"https://pubmed.ncbi.nlm.nih.gov/23787051/","text/html; charset=iso-8859-1","302","Found","5","2"
"https://www.ncbi.nlm.nih.gov/pubmed/19645971","text/html; charset=iso-8859-1","302","Found","5","4"
"https://www.pnas.org/doi/10.1073/pnas.1921653117","text/html; charset=UTF-8","503","Service Temporarily Unavailable","5","2"
"https://coughjournal.biomedcentral.com/articles/10.1186/1745-9974-6-2","text/html; charset=""UTF-8""","200","OK","5","2"
"https://www.nature.com/articles/srep45273?utm_medium=affiliate&utm_source=commission_junction&utm_campaign=CONR_PF018_ECOM_GL_PHSS_ALWYS_PRODUCT&utm_content=textlink&utm_term=PID100080955&CJEVENT=285c5b0db6e511ec80968d040a82b839","text/html","303","See Other","5","2"
"https://pubmed.ncbi.nlm.nih.gov/30517485/","text/html; charset=iso-8859-1","302","Found","5","2"
"https://www.ncbi.nlm.nih.gov/pmc/articles/PMC3193654/","text/html; charset=iso-8859-1","302","Found","5","4"
"https://www.verywellmind.com/what-is-high-functioning-anxiety-4140198","text/html;charset=utf-8","200","OK","5","2"
"https://www150.statcan.gc.ca/n1/pub/82-003-x/2017009/article/54857-eng.htm","text/html; charset=UTF-8","200","OK","5","2"
"https://www.parents.com/fun/entertainment/books/the-brainy-benefits-of-bedtime-stories/","text/html; charset=utf-8","200","OK","5","2"
"https://www.sciencedirect.com/science/article/abs/pii/S0092656616301118?via%3Dihub","text/html; charset=utf-8","200","OK","5","2"
"https://www.ncbi.nlm.nih.gov/pmc/articles/PMC3645314/","text/html; charset=iso-8859-1","302","Found","5","2"
"https://www.ipnos.com/privacy-policy-ja","text/html; charset=UTF-8","301","Moved Permanently","3","2"
"https://www.cdc.gov/media/releases/2016/p0215-enough-sleep.html","text/html","200","OK","4","6"
"https://www.researchgate.net/publication/232588088_The_cessation_of_rumination_through_self-affirmation","text/html; charset=utf-8","200","OK","5","2"
"https://www.ncbi.nlm.nih.gov/pubmed/22726808","text/html; charset=iso-8859-1","302","Found","5","2"
"https://www.mayoclinic.org/drugs-supplements-melatonin/art-20363071","text/html; charset=utf-8","200","OK","5","2"
"https://pubmed.ncbi.nlm.nih.gov/18426457/","text/html; charset=iso-8859-1","302","Found","5","2"
"https://my.clevelandclinic.org/health/diseases/8718-sleep-apnea","text/html; charset=utf-8","200","OK","5","2"
"https://douglas.research.mcgill.ca/reut-gruber","text/html; charset=utf-8","200","OK","4","24"
"https://pubmed.ncbi.nlm.nih.gov/16195124/","text/html; charset=iso-8859-1","302","Found","5","2"
"https://psycnet.apa.org/doiLanding?doi=10.1037%2Fcns0000176","text/html; charset=UTF-8","200","OK","4","2"
"https://healthysleep.med.harvard.edu/healthy/getting/overcoming/tips","text/html; charset=UTF-8","200","OK","5","2"
"https://www.ncbi.nlm.nih.gov/pmc/articles/PMC5217504/","text/html; charset=iso-8859-1","302","Found","5","2"
"https://www.ncbi.nlm.nih.gov/pmc/articles/PMC2929498/","text/html; charset=iso-8859-1","302","Found","5","2"
"https://www.instagram.com/artbymoga/","text/html; charset=utf-8","302","Found","5","2"
"https://www.livescience.com/33097-does-your-mattress-really-gain-weight-over-time-.html","text/html; charset=utf-8","200","OK","5","2"
"https://www.hsph.harvard.edu/nutritionsource/sleep/","text/html; charset=UTF-8","200","OK","5","2"
"https://asmruniversity.com/","text/html; charset=UTF-8","200","OK","5","4"
"https://www.researchgate.net/publication/319855294_Reality_testing_and_the_mnemonic_induction_of_lucid_dreams_Findings_from_the_national_Australian_lucid_dream_induction_study","text/html; charset=utf-8","200","OK","4","1"
"https://www.liebertpub.com/doi/abs/10.1089/acm.2009.0634","text/html; charset=utf-8","302","Found","4","2"
"https://www.ncbi.nlm.nih.gov/pmc/articles/PMC5501022/","text/html; charset=iso-8859-1","302","Found","5","2"
"https://www.ncbi.nlm.nih.gov/pmc/articles/PMC4689010/","text/html; charset=iso-8859-1","302","Found","5","2"
"https://www.ncbi.nlm.nih.gov/books/NBK279320/","text/html; charset=iso-8859-1","302","Found","5","2"
"https://thepleasantdream.com/dreaming-of-cats/","text/html; charset=UTF-8","200","OK","5","2"
"https://www.scientificamerican.com/article/the-science-behind-dreaming/","text/html; charset=utf-8","200","OK","5","2"
"https://pubmed.ncbi.nlm.nih.gov/17070562/","text/html; charset=iso-8859-1","302","Found","5","2"
"https://pubmed.ncbi.nlm.nih.gov/29083619/","text/html; charset=iso-8859-1","302","Found","5","2"
"https://www.health.harvard.edu/newsletter_article/sleep-and-mental-health","text/html; charset=UTF-8","200","OK","5","4"
"https://www.cdc.gov/sleep/data_statistics.html","text/html","200","OK","4","6"
"https://www.ncbi.nlm.nih.gov/pubmed/26773319","text/html; charset=iso-8859-1","302","Found","5","3"
"https://my.clevelandclinic.org/health/articles/15496-caffeine-how-to-hack-it-and-how-to-quit-it","text/html; charset=utf-8","200","OK","5","4"
"https://www.instagram.com/relaxmelodies/","text/html; charset=utf-8","404","Not Found","2","1878"
"https://www.irishtimes.com/news/health/meditating-on-the-power-of-music-1.696896","text/html;charset=utf-8","200","OK","5","2"
"https://www.ncbi.nlm.nih.gov/pubmed/11191043","text/html; charset=iso-8859-1","302","Found","5","3"
"https://trends.google.com/trends/explore?date=2018-01-01%202021-02-19&geo=US&q=quarantine,social%20distancing,isolation,lockdown","text/html; charset=utf-8","429","unknown","3","2"
"https://www.ninds.nih.gov/Disorders/Patient-Caregiver-Education/Fact-Sheets/Restless-Legs-Syndrome-Fact-Sheet","text/html; charset=utf-8","200","OK","5","2"
"https://www.verywellmind.com/perfectionism-and-panic-disorder-2584391","text/html;charset=utf-8","200","OK","5","2"
"https://www.health.harvard.edu/blog/a-positive-mindset-can-help-your-heart-2019021415999","text/html; charset=UTF-8","200","OK","5","2"
"https://www.tandfonline.com/doi/abs/10.1080/14792772143000003","text/html; charset=utf-8","302","Found","5","2"
"https://pubmed.ncbi.nlm.nih.gov/21788501/","text/html; charset=iso-8859-1","302","Found","5","2"
"https://www.healthline.com/health/sleeping-with-eyes-open","text/html; charset=utf-8","200","OK","5","2"
"https://www.medicalnewstoday.com/articles/headache-from-lack-of-sleep","text/html; charset=utf-8","200","OK","5","2"
"https://www.mayoclinic.org/diseases-conditions/high-blood-pressure/expert-answers/sleep-deprivation/faq-20057959","text/html; charset=utf-8","200","OK","5","6"
"https://www.mayoclinic.org/diseases-conditions/social-anxiety-disorder/diagnosis-treatment/drc-20353567","text/html; charset=utf-8","200","OK","5","2"
"https://www.psychologytoday.com/us/blog/what-mentally-strong-people-dont-do/201504/7-scientifically-proven-benefits-gratitude","text/html; charset=iso-8859-1","403","Forbidden","5","2"
"https://www.ipnos.com/privacy-policy-es","text/html; charset=UTF-8","301","Moved Permanently","3","36"
"https://pubmed.ncbi.nlm.nih.gov/24755569/","text/html; charset=iso-8859-1","302","Found","5","3"
"https://www.ncbi.nlm.nih.gov/pubmed/24136970","text/html; charset=iso-8859-1","302","Found","5","2"
"https://www.giamusic.com/sacred_music/chant_what_is.cfm","text/html;charset=UTF-8","200","OK","5","2"
"https://www.sciencedaily.com/releases/2019/06/190604131159.htm","text/html","200","OK","5","4"
"https://www.huffpost.com/entry/dreams-about-being-chased_n_891410","text/html; charset=utf-8","200","OK","5","2"
"https://royalsocietypublishing.org/doi/10.1098/rsbl.2021.0259","text/html; charset=utf-8","302","Found","5","2"
"https://www.ncbi.nlm.nih.gov/pubmed/27893766","text/html; charset=iso-8859-1","302","Found","5","3"
"https://www.health.harvard.edu/sleep/ask-the-doctor-teens-and-sleep","text/html; charset=UTF-8","200","OK","5","2"
"https://www.ncbi.nlm.nih.gov/pmc/articles/PMC5841657/","text/html; charset=iso-8859-1","302","Found","5","2"
"https://www.ncbi.nlm.nih.gov/pubmed/17340615","text/html; charset=iso-8859-1","302","Found","5","2"
"https://www.frontiersin.org/articles/10.3389/fnhum.2017.00109/full","text/html; charset=utf-8","200","OK","5","2"
"https://www.youtube.com/channel/UC_vWrsG_egI42Z_M5TbId2A","text/html; charset=utf-8","200","OK","3","2"
"https://research.aota.org/ajot/article-abstract/68/2/149/5854/Effects-of-Weighted-Vests-on-Attention-Impulse?redirectedFrom=fulltext","text/html","403","Forbidden","5","2"
"https://www.providentdentistry.com/education/clenching-grinding-your-teeth-and-need-for-mouthguard/","text/html; charset=UTF-8","200","OK","5","2"
"https://www.hopkinsmedicine.org/health/wellness-and-prevention/mental-health-disorder-statistics","text/html; charset=utf-8","200","OK","5","2"
"https://amerisleep.com/blog/sleep-affects-hypertension/","text/html; charset=UTF-8","200","OK","5","2"
"https://www.ncbi.nlm.nih.gov/pmc/articles/PMC4651462/","text/html; charset=iso-8859-1","302","Found","5","2"
"https://www.health.harvard.edu/pain/sciatica-of-all-the-nerve","text/html; charset=UTF-8","200","OK","5","2"
"https://www.huffpost.com/entry/water-bed-facts_n_6107482","text/html; charset=utf-8","200","OK","5","2"
"https://www.socialworktoday.com/news/enews_0114_1.shtml","text/html","200","OK","5","4"
"https://www.sleepfoundation.org/press-release/national-sleep-foundation-recommends-new-sleep-times","text/html; charset=UTF-8","301","Moved Permanently","4","4"
"https://www.youtube.com/embed/_Vp_IK-oD6M","text/html; charset=utf-8","200","OK","5","0"
"https://www.unitypoint.org/article.aspx?id=95c1eee5-c32b-4ab1-b2df-a6a038bf526a","text/html; charset=utf-8","200","OK","5","2"
"https://www.ncbi.nlm.nih.gov/pmc/articles/PMC4826337/","text/html; charset=iso-8859-1","302","Found","5","2"
"https://health.clevelandclinic.org/stressed-out-aromatherapy-can-help-you-to-feel-calmer/","text/html; charset=UTF-8","200","OK","5","2"
"https://www.discovermagazine.com/mind/why-is-sitting-by-a-fire-so-relaxing-evolution-may-hold-the-key","text/html; charset=utf-8","200","OK","5","2"
"https://www.ncbi.nlm.nih.gov/pmc/articles/PMC3479257/","text/html; charset=iso-8859-1","302","Found","5","2"
"https://asmruniversity.com/2016/02/08/interview-whisperinglife-first-asmr-artist/","text/html; charset=UTF-8","200","OK","5","4"
"https://www.parenting.com/baby/best-crib-toys-for-baby/","text/html; charset=UTF-8","200","OK","5","2"
"https://pubmed.ncbi.nlm.nih.gov/20512042/","text/html; charset=iso-8859-1","302","Found","5","2"
"https://www.fda.gov/consumers/consumer-updates/safely-soothing-teething-pain-and-sensory-needs-babies-and-older-children","text/html; charset=UTF-8","200","OK","5","2"
"https://www.healthline.com/health-news/children-lack-of-sleep-health-problems","text/html; charset=utf-8","200","OK","5","2"
"https://www.nytimes.com/2020/10/10/at-home/exercises-for-better-sleep.html","text/html; charset=utf-8","200","OK","5","2"
"https://pubmed.ncbi.nlm.nih.gov/31935805/","text/html; charset=iso-8859-1","302","Found","5","2"
"https://www.bbc.com/news/magazine-34714591","text/html","200","OK","5","2"
"https://www.sciencedirect.com/science/article/abs/pii/S1389945714000525","text/html; charset=utf-8","200","OK","5","2"
"https://www.health.harvard.edu/staying-healthy/blue-light-has-a-dark-side","text/html; charset=UTF-8","200","OK","5","4"
"https://nwhjournal.org/article/S1751-4851(15)30132-X/fulltext","text/html; charset=utf-8","302","Found","5","2"
"https://www.ncbi.nlm.nih.gov/pmc/articles/PMC3181635/","text/html; charset=iso-8859-1","302","Found","5","2"
"https://www.nimh.nih.gov/health/publications/stress","text/html; charset=UTF-8","301","https://www.nimh.nih.gov/health/publications/so-stressed-out-fact-sheet","5","2"
"https://www.sciencedirect.com/science/article/pii/S2405844019361043","text/html; charset=utf-8","200","OK","5","2"
"https://www.ncbi.nlm.nih.gov/pubmed/19616993","text/html; charset=iso-8859-1","302","Found","5","3"
"https://www.ncbi.nlm.nih.gov/pmc/articles/PMC4015388/","text/html; charset=iso-8859-1","302","Found","5","3"
"https://www.health.harvard.edu/blog/mindfulness-meditation-may-ease-anxiety-mental-stress-201401086967","text/html; charset=UTF-8","200","OK","5","6"
"https://www.sleepfoundation.org/wp-content/uploads/2018/10/2012-bedroom-poll.pdf","text/html; charset=UTF-8","410","Gone","5","2"
"https://www.ncbi.nlm.nih.gov/pmc/articles/PMC4605219/","text/html; charset=iso-8859-1","302","Found","5","2"
"https://blog.hif.com.au/mental-health/what-is-social-health-definitions-examples-and-tips-on-improving-your-social-wellness","text/html; charset=utf-8","200","OK","5","2"
"https://psycnet.apa.org/record/2008-14857-004","text/html; charset=UTF-8","200","OK","5","2"
"https://www.ncbi.nlm.nih.gov/pubmed/26785376","text/html; charset=iso-8859-1","302","Found","4","4"
"https://www.mayoclinic.org/diseases-conditions/alzheimers-disease/symptoms-causes/syc-20350447","text/html; charset=utf-8","200","OK","5","2"
"https://health.gov/myhealthfinder/topics/everyday-healthy-living/mental-health-and-relationships/get-enough-sleep","text/html; charset=UTF-8","200","OK","5","4"
"https://www.mayoclinic.org/diseases-conditions/high-blood-pressure/expert-answers/blood-pressure/faq-20058115","text/html; charset=utf-8","200","OK","5","2"
"https://www.ncbi.nlm.nih.gov/books/NBK279274/","text/html; charset=iso-8859-1","302","Found","5","2"
"https://www.ncbi.nlm.nih.gov/pmc/articles/PMC5473481/","text/html; charset=iso-8859-1","302","Found","5","2"
"https://publications.aap.org/pediatrics/article-abstract/133/4/677/32749/Infant-Sleep-Machines-and-Hazardous-Sound-Pressure?redirectedFrom=fulltext","text/html","403","Forbidden","5","2"
"https://www.theatlantic.com/science/archive/2016/02/white-noise-sound-colors/462972/","text/html; charset=utf-8","200","OK","5","2"
"https://pubmed.ncbi.nlm.nih.gov/23036285/","text/html; charset=iso-8859-1","302","Found","5","2"
"https://www.mayoclinic.org/diseases-conditions/snoring/symptoms-causes/syc-20377694","text/html; charset=utf-8","200","OK","5","2"
"https://www.ipnos.com/","text/html; charset=UTF-8","200","OK","2","994"
"https://www.youtube.com/channel/UCG_af6KvLZh6DLtxvhuaQpQ","text/html; charset=utf-8","200","OK","2","918"
"https://musically.com/2019/09/24/music-listening-2019-ifpi-report/","text/html; charset=UTF-8","200","OK","5","2"
"https://pediaa.com/difference-between-mental-and-emotional-health/","text/html; charset=UTF-8","200","OK","5","2"
"https://onlinelibrary.wiley.com/doi/full/10.1111/ina.12254","text/html; charset=UTF-8","503","Service Temporarily Unavailable","5","4"
"https://www.ncbi.nlm.nih.gov/pmc/articles/PMC2829242/","text/html; charset=iso-8859-1","302","Found","5","2"
"https://www.almanac.com/plant/corn","text/html; charset=UTF-8","200","OK","5","2"
"http://www.sophrologycenteronline.com/how-can-sophrology-help-with-sleep-problems/","text/html","301","Moved Permanently","5","2"
"https://www.henryford.com/blog/2021/01/more-tired-in-winter","text/html; charset=utf-8","200","OK","5","2"
"https://www.psychiatrist.com/JCP/article/Pages/2006/v67n02/v67n0204.aspx","text/html; charset=UTF-8","301","Moved Permanently","5","2"
"https://www.sleepfoundation.org/children-and-sleep/how-much-sleep-do-kids-need","text/html; charset=UTF-8","200","OK","4","2"
"https://ontario.cmha.ca/documents/connection-between-mental-and-physical-health/","text/html; charset=UTF-8","200","OK","5","2"
"https://www.ncbi.nlm.nih.gov/pmc/articles/PMC3489271/","text/html; charset=iso-8859-1","302","Found","5","2"
"https://pubmed.ncbi.nlm.nih.gov/19073292/","text/html; charset=iso-8859-1","302","Found","5","2"
"https://www.ncbi.nlm.nih.gov/pmc/articles/PMC4906829/","text/html; charset=iso-8859-1","302","Found","5","4"
"https://www.ncbi.nlm.nih.gov/pubmed/17053341","text/html; charset=iso-8859-1","302","Found","5","2"
"https://dreamsandmythology.com/rat-dream-meaning/","text/html; charset=UTF-8","200","OK","5","2"
"https://www.ncbi.nlm.nih.gov/pmc/articles/PMC4380153/","text/html; charset=iso-8859-1","302","Found","5","2"
"https://www.apa.org/monitor/2011/01/stressed-america","text/html; charset=utf-8","200","OK","5","2"
"https://www.mayoclinic.org/symptoms/fatigue/basics/causes/sym-20050894","text/html; charset=utf-8","200","OK","5","2"
"http://healthysleep.med.harvard.edu/healthy/science/how/external-factors","text/html; charset=UTF-8","200","OK","5","2"
"https://www.reuters.com/article/us-health-sleep-daylight/morning-daylight-exposure-tied-to-a-good-nights-sleep-idUSKCN18E23E","text/html; charset=utf-8","200","OK","5","2"
"https://www.ncbi.nlm.nih.gov/pmc/articles/PMC5612681/","text/html; charset=iso-8859-1","302","Found","5","2"
"https://www.ncbi.nlm.nih.gov/pmc/articles/PMC6158605/","text/html; charset=iso-8859-1","302","Found","5","2"
"https://www.ncbi.nlm.nih.gov/pmc/articles/PMC5385214/","text/html; charset=iso-8859-1","302","Found","5","2"
"https://pubmed.ncbi.nlm.nih.gov/21552190/","text/html; charset=iso-8859-1","302","Found","5","2"
"https://www.ncbi.nlm.nih.gov/pmc/articles/PMC5972254/","text/html; charset=iso-8859-1","302","Found","5","2"
"https://www.nejm.org/doi/full/10.1056/NEJMc0807104","text/html; charset=utf-8","302","Found","5","2"
"https://www.verywellfamily.com/when-can-my-baby-sleep-with-a-blanket-5207182","text/html;charset=utf-8","200","OK","5","2"
"https://www.ncbi.nlm.nih.gov/pmc/articles/PMC5102509/","text/html; charset=iso-8859-1","302","Found","5","2"
"https://www.health.harvard.edu/blog/bad-flu-season-predicted-did-you-get-your-shot-2019110418238","text/html; charset=UTF-8","200","OK","5","2"
"https://www.sciencedaily.com/releases/2015/08/150804203440.htm","text/html","200","OK","5","2"
"https://purple.com/blog/latex-pillow","text/html; charset=UTF-8","200","OK","5","2"
"https://www.ncbi.nlm.nih.gov/pmc/articles/PMC1437178/pdf/jrsocmed00280-0030.pdf","text/html; charset=iso-8859-1","302","Found","6","1"
"https://www.thegoodbody.com/meditation-statistics/","text/html; charset=UTF-8","200","OK","5","2"
"https://www.sleepassociation.org/blog-post/smoking-and-sleep/","text/html; charset=UTF-8","200","OK","5","2"
"https://spoti.fi/3iPg8D9","text/html; charset=utf-8","301","Moved Permanently","2","1012"
"https://www.ncbi.nlm.nih.gov/pmc/articles/PMC4440346/","text/html; charset=iso-8859-1","302","Found","5","2"
"https://www.nature.com/articles/nature02223","text/html","303","See Other","5","2"
"https://www.ncbi.nlm.nih.gov/pmc/articles/PMC3034475/","text/html; charset=iso-8859-1","302","Found","5","2"
"https://www.therecoveryvillage.com/mental-health/insomnia/insomnia-statistics/","text/html; charset=UTF-8","200","OK","5","2"
"http://www.differencebetween.net/science/health/difference-between-mental-health-and-emotional-health/","text/html; charset=UTF-8","200","OK","5","4"
"https://onlinelibrary.wiley.com/doi/abs/10.1002/ejsp.674","text/html; charset=UTF-8","503","Service Temporarily Unavailable","5","2"
"https://www.healthline.com/nutrition/valerian-root","text/html; charset=utf-8","200","OK","5","2"
"https://www.nccih.nih.gov/health/valerian","text/html","200","OK","5","2"
"https://www.actionnews5.com/2021/09/26/breakdown-why-does-rain-make-us-sleepy/","text/html; charset=utf-8","200","OK","5","2"
"https://www.mayoclinic.org/healthy-lifestyle/adult-health/expert-answers/how-many-hours-of-sleep-are-enough/faq-20057898","text/html; charset=utf-8","200","OK","5","2"
"https://globalwellnessinstitute.org/what-is-wellness/history-of-wellness/","text/html; charset=UTF-8","200","OK","5","2"
"https://www.ncbi.nlm.nih.gov/pubmed/19810584","text/html; charset=iso-8859-1","302","Found","5","3"
"https://www.mayoclinic.org/tests-procedures/hypnosis/about/pac-20394405","text/html; charset=utf-8","200","OK","5","2"
"https://www.cincinnatichildrens.org/health/r/restless-leg-syndrome-periodic-limb-movement-disorders","text/html; charset=utf-8","200","OK","5","2"
"https://www.sciencedirect.com/science/article/abs/pii/S0306987703000276","text/html; charset=utf-8","200","OK","4","4"
"https://www.stress.org/april-is-stress-awareness-month","text/html; charset=UTF-8","200","OK","5","2"
"https://www.ipnos.com/privacy-policy/","text/html; charset=UTF-8","200","OK","2","1912"
"https://academic.oup.com/sleep/article/43/Supplement_1/A460/5846888?login=false","text/html","403","Forbidden","5","2"
"https://www.ncbi.nlm.nih.gov/pubmed/20046194","text/html; charset=iso-8859-1","302","Found","5","2"
"https://associationofanaesthetists-publications.onlinelibrary.wiley.com/doi/full/10.1111/j.1365-2044.2005.04287.x","text/html; charset=UTF-8","503","Service Temporarily Unavailable","4","5"
"https://pubmed.ncbi.nlm.nih.gov/22726808/","text/html; charset=iso-8859-1","302","Found","5","4"
"https://www.health.harvard.edu/mind-and-mood/sour-mood-getting-you-down-get-back-to-nature","text/html; charset=UTF-8","200","OK","4","1"
"https://www.epl.ca/blogs/post/moving-sitting-and-sleeping-for-optimal-health-in-young-people/","text/html; charset=UTF-8","200","OK","5","2"
"https://archive.curbed.com/2018/3/28/17164898/bed-in-a-box-online-mattress-brands-why-so-many","text/html; charset=utf-8","200","OK","5","2"
"https://www.scientificamerican.com/article/be-mine-forever-oxytocin/","text/html; charset=utf-8","200","OK","5","2"
"https://pubmed.ncbi.nlm.nih.gov/15282995/","text/html; charset=iso-8859-1","302","Found","5","2"
"https://sleep.biomedcentral.com/articles/10.1186/s41606-017-0009-4","text/html; charset=""UTF-8""","200","OK","5","5"
"https://academic.oup.com/sleep/article/37/9/1553/2416992","text/html","403","Forbidden","5","2"
"https://www.mindbodygreen.com/0-7531/full-moon-harness-the-energy-make-it-work-for-you.html","text/html; charset=utf-8","200","OK","5","2"
"https://www.psychologytoday.com/us/conditions/nightmares","text/html; charset=iso-8859-1","403","Forbidden","5","2"
"https://www.researchgate.net/publication/342562977_A_Brief_History_of_the_Chakras_in_Human_Body","text/html; charset=utf-8","200","OK","5","2"
"https://www.sciencedaily.com/releases/2018/11/181127111044.htm","text/html","200","OK","5","2"
"https://www.insider.com/surprising-new-years-eve-facts-2019-12","text/html; charset=utf-8","200","OK","5","2"
"https://www.ncbi.nlm.nih.gov/pmc/articles/PMC3661116/","text/html; charset=iso-8859-1","302","Found","5","2"
"https://www.cdc.gov/sleep/about_sleep/chronic_disease.html","text/html","200","OK","4","2"
"https://online.alvernia.edu/program-resources/behavioral-health-vs-mental-health/","text/html; charset=UTF-8","200","OK","5","2"
"https://pubmed.ncbi.nlm.nih.gov/26144285/","text/html; charset=iso-8859-1","302","Found","5","2"
"https://oceanservice.noaa.gov/facts/fish-sleep.html","text/html","200","OK","5","2"
"https://pubmed.ncbi.nlm.nih.gov/29073401/","text/html; charset=iso-8859-1","302","Found","5","2"
"https://psycnet.apa.org/doiLanding?doi=10.1037%2Fa0019596","text/html; charset=UTF-8","200","OK","5","2"
"https://psycnet.apa.org/record/2008-13989-015","text/html; charset=UTF-8","200","OK","5","2"
"https://jcsm.aasm.org/doi/10.5664/jcsm.6952","text/html; charset=utf-8","302","Found","5","4"
"https://www.uclahealth.org/sleepcenter/coping-with-shift-work","text/html;charset=UTF-8","200","OK","5","2"
"http://healthysleep.med.harvard.edu/need-sleep/what-can-you-do/good-sleep-habits","text/html; charset=UTF-8","200","OK","5","4"
"https://www.ncbi.nlm.nih.gov/pmc/articles/PMC6418017/","text/html; charset=iso-8859-1","302","Found","5","2"
"https://www.jneurosci.org/content/35/31/11034.short","text/html; charset=utf-8","200","OK","5","2"
"https://thepleasantdream.com/dreaming-of-birds/","text/html; charset=UTF-8","200","OK","5","2"
"https://www.thebump.com/a/baby-sleep-too-much","text/html; charset=utf-8","200","OK","5","2"
"https://www.tandfonline.com/doi/abs/10.1300/J004v24n01_05","text/html; charset=utf-8","302","Found","5","6"
"https://www.unicef.org/parenting/child-development/how-music-affects-your-babys-brain-class","text/html; charset=UTF-8","200","OK","5","2"
"https://my.clevelandclinic.org/health/diseases/21974-sleep-paralysis","text/html; charset=utf-8","200","OK","5","2"
"https://my.clevelandclinic.org/health/diseases/12119-insomnia","text/html; charset=utf-8","200","OK","5","4"
"https://www.ncbi.nlm.nih.gov/pmc/articles/PMC1559690/","text/html; charset=iso-8859-1","302","Found","5","3"
"https://cmha.ca/mental-health-what-is-it-really/","text/html; charset=UTF-8","200","OK","5","2"
"https://www.thehappyhabit.com.au/","text/html; charset=utf-8","200","OK","5","4"
"https://www.nimh.nih.gov/health/topics/caring-for-your-mental-health","text/html; charset=UTF-8","200","OK","5","2"
"https://pubmed.ncbi.nlm.nih.gov/22398342/","text/html; charset=iso-8859-1","302","Found","5","4"
"https://www.youtube.com/channel/UCuCJm2HbsL7l9zOwQ3sgdQA","text/html; charset=utf-8","200","OK","3","36"
"https://shcs.ucdavis.edu/health-and-wellness/physical-activity","text/html; charset=UTF-8","200","OK","4","2"
"https://edsource.org/2019/revised-bill-proposes-later-school-start-times-for-california-middle-high-school-students/616181","text/html; charset=UTF-8","200","OK","5","2"
"https://www.tandfonline.com/doi/abs/10.1080/02646839208403946","text/html; charset=utf-8","302","Found","5","2"
"https://www.researchgate.net/publication/327439522_Effect_of_528_Hz_Music_on_the_Endocrine_System_and_Autonomic_Nervous_System","text/html; charset=utf-8","200","OK","4","8"
"https://www.ncbi.nlm.nih.gov/pmc/articles/PMC3800872/","text/html; charset=iso-8859-1","302","Found","5","3"
"https://www.livescience.com/53403-why-sound-of-water-helps-you-sleep.html","text/html; charset=utf-8","200","OK","5","4"
"https://journals.sagepub.com/doi/full/10.1177/1098612X19828131","text/html; charset=UTF-8","503","Service Temporarily Unavailable","5","4"
"https://www.jstage.jst.go.jp/article/indhealth1963/31/1/31_1_35/_article/-char/ja/","text/html;charset=utf-8","200","200","5","2"
"https://whatdreammeans.com/what-do-dream-about-a-baby-girl-mean/","text/html; charset=UTF-8","200","OK","5","2"
"https://scholarworks.utep.edu/cs_techrep/1340/","text/html; charset=UTF-8","200","OK","5","2"
"https://www.webmd.com/vitamins/ai/ingredientmono-437/lemon-balm","text/html","200","OK","5","2"
"https://www.sciencedirect.com/science/article/abs/pii/S0191886904000352","text/html; charset=utf-8","200","OK","5","2"
"https://www.tandfonline.com/doi/abs/10.1080/10503307.2016.1169332?scroll=top&needAccess=true&journalCode=tpsr20","text/html; charset=utf-8","302","Found","5","2"
"https://www.proquest.com/openview/4ff918413d437dd05406e7c667256d5c/1?pq-origsite=gscholar&cbl=18750","text/html;charset=UTF-8","200","OK","5","4"
"https://www.heart.org/en/healthy-living/healthy-lifestyle/sleep/benefits-of-napping","text/html; charset=utf-8","200","OK","5","2"
"https://stanfordhealthcare.org/medical-conditions/sleep/nighttime-sleep-behaviors/sleep-paralysis.html","text/html;charset=utf-8","200","OK","5","2"
"https://www.ncbi.nlm.nih.gov/pubmed/19750924","text/html; charset=iso-8859-1","302","Found","5","2"
"https://www.ncbi.nlm.nih.gov/pmc/articles/PMC4217155/","text/html; charset=iso-8859-1","302","Found","5","2"
"https://www.ncbi.nlm.nih.gov/pubmed/29493875","text/html; charset=iso-8859-1","302","Found","5","2"
"https://www.sciencedirect.com/science/article/pii/S0277953617306639","text/html; charset=utf-8","200","OK","5","2"
"https://pubmed.ncbi.nlm.nih.gov/10930181/","text/html; charset=iso-8859-1","302","Found","5","2"
"https://health.clevelandclinic.org/why-you-should-limit-alcohol-before-bed-for-better-sleep/","text/html; charset=UTF-8","200","OK","5","4"
"https://www.housebeautiful.com/shopping/home-accessories/g32193468/softest-sheets/","text/html; charset=UTF-8","200","OK","5","2"
"https://www.sleepfoundation.org/sleep-hygiene/sleeping-with-socks-on","text/html; charset=UTF-8","200","OK","5","2"
"https://care.diabetesjournals.org/content/early/2019/05/21/dc19-0596","text/html","403","Forbidden","5","2"
"https://www.hgtv.com/design/rooms/bedrooms/guide-to-buying-sheets","text/html; charset=UTF-8","200","OK","5","2"
"https://www.ncbi.nlm.nih.gov/pmc/articles/PMC4425165/","text/html; charset=iso-8859-1","302","Found","5","2"
"https://pubmed.ncbi.nlm.nih.gov/24395196/","text/html; charset=iso-8859-1","302","Found","5","2"
"https://psycnet.apa.org/record/2015-49334-001","text/html; charset=UTF-8","200","OK","5","2"
"https://www.ncbi.nlm.nih.gov/pmc/articles/PMC6074813/","text/html; charset=iso-8859-1","302","Found","5","2"
"https://www.ncbi.nlm.nih.gov/pmc/articles/PMC6473877/","text/html; charset=iso-8859-1","302","Found","5","2"
"https://www.sleephealthgroup.com.au/post/why-do-i-fall-asleep-quicker-when-it-s-raining","text/html; charset=UTF-8","200","OK","5","2"
"https://www.instagram.com/catanacomics/","text/html; charset=utf-8","302","Found","5","2"
"https://bettersleep.org/research/survey-sleep-positions/","text/html; charset=UTF-8","200","OK","5","2"
"https://www.mayoclinic.org/healthy-lifestyle/adult-health/in-depth/napping/art-20048319","text/html; charset=utf-8","200","OK","5","2"
"https://aacnjournals.org/ajcconline/article-abstract/1/1/91/5648/The-effects-of-ocean-sounds-on-sleep-after","text/html","403","Forbidden","5","3"
"https://www.risescience.com/blog/drinking-water-before-bed","text/html","200","OK","5","2"
"https://www.ahajournals.org/doi/10.1161/HYPERTENSIONAHA.120.14479","text/html; charset=utf-8","302","Found","5","2"
"https://www.sleepfoundation.org/mental-health/trauma-and-sleep","text/html; charset=UTF-8","200","OK","5","2"
"https://www.parentingscience.com/parenting-stress-evidence-based-tips.html","text/html; charset=iso-8859-1","301","Moved Permanently","5","2"
"https://pubmed.ncbi.nlm.nih.gov/32717974/","text/html; charset=iso-8859-1","302","Found","5","2"
"https://dictionaryblog.cambridge.org/2020/11/24/cambridge-dictionarys-word-of-the-year-2020/","text/html; charset=UTF-8","200","OK","3","2"
"https://journals.lww.com/neurotodayonline/fulltext/2020/07090/sleep_neurologists_call_it.1.aspx","text/html; charset=utf-8","200","OK","5","2"
"https://www.ncbi.nlm.nih.gov/pmc/articles/PMC3150158/","text/html; charset=iso-8859-1","302","Found","5","2"
"https://support.ipnos.com/","text/html; charset=utf-8","302","Found","2","1012"
"https://pubmed.ncbi.nlm.nih.gov/34425251/","text/html; charset=iso-8859-1","302","Found","5","2"
"https://www.nationalcenterforemotionalwellness.org/","text/html; charset=UTF-8","200","OK","5","2"
"https://www.cpsc.gov/SafeSleep","text/html; charset=UTF-8","200","OK","5","2"
"https://journals.sagepub.com/doi/10.1177/2156587216668109","text/html; charset=UTF-8","503","Service Temporarily Unavailable","5","2"
"https://www.apa.org/monitor/2011/12/exercise","text/html; charset=utf-8","200","OK","5","2"
"https://www.cambridge.org/core/journals/international-psychogeriatrics/article/randomized-controlled-trial-of-kundalini-yoga-in-mild-cognitive-impairment/138A3EB97520CE72B01D17059B7AA286","text/html; charset=utf-8","200","OK","5","2"
"https://www.mouthhealthy.org/en/az-topics/t/teething","text/html; charset=utf-8","200","OK","5","2"
"https://onlinelibrary.wiley.com/doi/full/10.1111/j.1365-2869.2008.00718.x","text/html; charset=UTF-8","503","Service Temporarily Unavailable","5","2"
"https://www.cdc.gov/alcohol/faqs.htm","text/html","200","OK","5","2"
"https://psycnet.apa.org/record/2010-10257-015","text/html; charset=UTF-8","200","OK","5","2"
"https://www.ijoy.org.in/article.asp?issn=0973-6131;year=2017;volume=10;issue=2;spage=73;epage=80;aulast=Garcia-Sesnich","text/html; Charset=windows-1252","200","OK","5","2"
"https://www.instagram.com/bettersleep_br/","text/html; charset=utf-8","302","Found","3","36"
"https://www.ncbi.nlm.nih.gov/books/NBK207191/","text/html; charset=iso-8859-1","302","Found","5","2"
"https://www.ncbi.nlm.nih.gov/pmc/articles/PMC5409706/","text/html; charset=iso-8859-1","302","Found","5","2"
"https://twitter.com/bettersleephq","text/html; charset=utf-8","200","OK","2","918"
"https://pubmed.ncbi.nlm.nih.gov/22608285/","text/html; charset=iso-8859-1","302","Found","5","2"
"https://www.inquirer.com/philly/living/bedtime-stories-adults-grown-ups-insomnia-20170920.html","text/html; charset=utf-8","200","OK","5","2"
"https://www.ncbi.nlm.nih.gov/pmc/articles/PMC4544395/","text/html; charset=iso-8859-1","302","Found","5","2"
"https://pubmed.ncbi.nlm.nih.gov/23992533/","text/html; charset=iso-8859-1","302","Found","5","2"
"https://intermountainhealthcare.org/blogs/topics/intermountain-moms/2018/11/how-and-when-to-swaddle-your-baby/","text/html; charset=utf-8","200","OK","5","4"
"https://www.ncbi.nlm.nih.gov/pmc/articles/PMC5241970/","text/html; charset=iso-8859-1","302","Found","5","2"
"https://www.ncbi.nlm.nih.gov/pmc/articles/PMC3820066/","text/html; charset=iso-8859-1","302","Found","5","2"
"https://onlinelibrary.wiley.com/doi/abs/10.1002/ptr.1027","text/html; charset=UTF-8","503","Service Temporarily Unavailable","5","2"
"https://www.hopkinsmedicine.org/health/wellness-and-prevention/your-bedroom-for-better-sleep","text/html; charset=utf-8","200","OK","5","2"
"https://www.karger.com/Article/Fulltext/508055","text/html; charset=utf-8","200","OK","5","2"
"https://www.sciencedaily.com/releases/2017/06/170605085326.htm","text/html","200","OK","5","2"
"https://health.clevelandclinic.org/can-restless-leg-syndrome-affect-other-parts-of-your-body/","text/html; charset=UTF-8","200","OK","5","2"
"https://www.timesnownews.com/spiritual/dreams-meaning/article/what-does-it-mean-when-you-dream-about-flying-in-the-air/562914","text/html; charset=UTF-8","200","OK","5","2"
"https://www.sciencedirect.com/science/article/abs/pii/S0197455605000699?via%3Dihub","text/html; charset=utf-8","200","OK","5","2"
"https://pubmed.ncbi.nlm.nih.gov/8022726/","text/html; charset=iso-8859-1","302","Found","5","2"
"https://www.ncbi.nlm.nih.gov/pmc/articles/PMC1474709/","text/html; charset=iso-8859-1","302","Found","5","2"
"https://resilienteducator.com/teaching-careers/behavioral-health-specialist/","text/html; charset=UTF-8","200","OK","5","2"
"https://www.karger.com/Article/FullText/478759","text/html; charset=utf-8","200","OK","5","2"
"https://jamanetwork.com/journals/jamainternalmedicine/fullarticle/2110998?hc_location=ufi","text/html","403","Forbidden","5","2"
"https://aasm.org/brain-damage-caused-by-severe-sleep-apnea-is-reversible/","text/html; charset=UTF-8","200","OK","5","4"
"https://clinicalnutritionespen.com/article/S2405-4577(17)30514-4/fulltext","text/html; charset=utf-8","302","Found","5","2"
"https://www.frontiersin.org/articles/10.3389/fneur.2015.00123/full","text/html; charset=utf-8","200","OK","5","2"
"https://www.sleepfoundation.org/mattress-information/do-you-need-a-box-spring","text/html; charset=UTF-8","200","OK","5","4"
"https://psu.pb.unizin.org/kines082/chapter/yoga-and-tai-chi/","text/html; charset=UTF-8","200","OK","5","2"
"https://www.mayoclinic.org/diseases-conditions/obstructive-sleep-apnea/symptoms-causes/syc-20352090","text/html; charset=utf-8","200","OK","5","2"
"https://www.yogajournal.com/meditation/everything-need-know-meditation-posture/","text/html; charset=UTF-8","200","OK","5","2"
"https://www.sleepfoundation.org/stages-of-sleep/rem-sleep","text/html; charset=UTF-8","200","OK","5","6"
"https://bettersleep.org/research/sleep-surveys/survey-american-couples-have-trouble-in-bed/","text/html; charset=UTF-8","301","Moved Permanently","5","2"
"https://www.ncbi.nlm.nih.gov/pubmed/28530462","text/html; charset=iso-8859-1","302","Found","5","3"
"https://www.nejm.org/doi/full/10.1056/NEJM199604043341416","text/html; charset=utf-8","302","Found","5","2"
"https://www.youtube.com/c/BetterSleepFrançais","text/html; charset=utf-8","200","OK","3","18"
"https://www.thensf.org/good-light-bad-light-and-better-sleep/","text/html; charset=UTF-8","200","OK","5","2"
"https://kidshealth.org/en/parents/sleepwalking.html","text/html;charset=utf-8","200","OK","5","4"
"https://www.spine-health.com/wellness/sleep/chronic-pain-and-insomnia-breaking-cycle","text/html; charset=utf-8","200","OK","5","2"
"https://www.cdc.gov/flu/about/season/flu-season.htm","text/html","200","OK","5","2"
"https://www.mhanational.org/issues/state-mental-health-america","text/html; charset=UTF-8","200","OK","5","2"
"https://www.youtube.com/embed/Pov1LXYJBzk?list=PLThtD9dhL7GWSJikDw4ls7LqjRtdX8FO9","text/html; charset=utf-8","200","OK","5","0"
"https://my.clevelandclinic.org/health/articles/14297-nightmares-in-children","text/html; charset=utf-8","200","OK","5","2"
"https://www.sciencedirect.com/science/article/pii/S1550830719305488?","text/html; charset=utf-8","200","OK","5","2"
"https://www.helpguide.org/articles/mental-health/mood-boosting-power-of-dogs.htm","text/html; charset=UTF-8","200","OK","5","2"
"https://www.ncbi.nlm.nih.gov/pubmed/18985458","text/html; charset=iso-8859-1","302","Found","5","3"
"https://www.sciencedirect.com/science/article/abs/pii/S155083071000282X","text/html; charset=utf-8","200","OK","5","2"
"https://www.nature.com/articles/s41598-018-32402-5","text/html","303","See Other","5","6"
"https://www.ncbi.nlm.nih.gov/pmc/articles/PMC1361002/","text/html; charset=iso-8859-1","302","Found","5","2"
"https://www.tmjsleepapnea.com/blog/why-do-i-snore-when-i-drink-alcohol/","text/html; charset=UTF-8","200","OK","5","2"
"https://ontario.cmha.ca/documents/the-relationship-between-mental-health-mental-illness-and-chronic-physical-conditions/","text/html; charset=UTF-8","200","OK","5","2"
"https://www.psychologytoday.com/us/blog/the-power-rest/201607/noise-anxiety","text/html; charset=iso-8859-1","403","Forbidden","5","2"
"https://www.sciencedirect.com/science/article/abs/pii/S1297956200900305","text/html; charset=utf-8","200","OK","5","2"
"https://www.instagram.com/bettersleep_fr/","text/html; charset=utf-8","302","Found","3","18"
"https://www.youtube.com/embed/UyqzvNLuHAc?autoplay=1&mute=1&enablejsapi=1","text/html; charset=utf-8","200","OK","5","0"
"https://www.gaia.com/article/how-fasting-can-increase-your-awareness","text/html; charset=UTF-8","200","OK","5","2"
"https://my.clevelandclinic.org/health/diseases/12792-sciatica?_gl=1*1265kua*_ga*NDA0OTA3NDQuMTY0NDM2NDk5Mw..*_ga_HWJ092SPKP*MTY0NzYyNTEwOC4yMS4xLjE2NDc2MjU2MTUuMA..&_ga=2.40749094.526618833.1647546742-40490744.1644364993","text/html; charset=utf-8","200","OK","5","2"
"https://rightasrain.uwmedicine.org/body/rest/sun-tired-tips","text/html; charset=UTF-8","200","OK","5","2"
"https://www.washingtonpost.com/lifestyle/wellness/toxic-positivity-mental-health-covid/2020/08/19/5dff8d16-e0c8-11ea-8181-606e603bb1c4_story.html","text/html; charset=utf-8","200","OK","5","2"
"https://greatergood.berkeley.edu/article/item/how_gratitude_changes_you_and_your_brain","text/html; charset=UTF-8","200","OK","5","2"
"https://neuro.hms.harvard.edu/harvard-mahoney-neuroscience-institute/brain-newsletter/and-brain-series/holiday-stress-and-brain","text/html; charset=UTF-8","301","Moved Permanently","5","2"
"https://journals.lww.com/joem/Abstract/2010/01000/The_Cost_of_Poor_Sleep__Workplace_Productivity.13.aspx","text/html; charset=utf-8","200","OK","5","2"
"https://www.nami.org/Press-Media/Press-Releases/2014/Mental-health-and-the-holiday-blues","text/html; charset=utf-8","200","OK","5","2"
"https://www.ncbi.nlm.nih.gov/pubmed/24812543/","text/html; charset=iso-8859-1","302","Found","5","2"
"https://psycnet.apa.org/record/2011-07457-001","text/html; charset=UTF-8","200","OK","5","2"
"https://www.ncbi.nlm.nih.gov/pmc/articles/PMC4428073/","text/html; charset=iso-8859-1","302","Found","4","4"
"https://www.sciencedaily.com/releases/2015/02/150210141734.htm","text/html","200","OK","5","4"
"https://twitter.com/BetterSleepJP","text/html; charset=utf-8","200","OK","3","2"
"https://www.mentalhealth.org.uk/a-to-z/a/alcohol-and-mental-health","text/html; charset=utf-8","200","OK","5","2"
"https://www.health.harvard.edu/blog/mindfulness-meditation-helps-fight-insomnia-improves-sleep-201502187726","text/html; charset=UTF-8","200","OK","5","4"
"http://www.mintdentalgroup.com/blog/do-snoring-mouth-guards-work/","text/html; charset=UTF-8","200","OK","5","2"
"https://pubmed.ncbi.nlm.nih.gov/17846259/","text/html; charset=iso-8859-1","302","Found","5","2"
"https://www.sciencedirect.com/science/article/abs/pii/S0022519312001798","text/html; charset=utf-8","200","OK","5","3"
"https://www.cdc.gov/sleep/about_sleep/key_disorders.html","text/html","200","OK","4","2"
"https://www.aspca.org/news/can-pets-suffer-anxiety","text/html; charset=utf-8","200","OK","5","4"
"https://www.aap.org/en-us/about-the-aap/aap-press-room/pages/Can-Infant-Sleep-Machines-Be-Hazardous-to-Babies'-Ears.aspx","text/html; charset=UTF-8","301","Moved Permanently","5","2"
"https://www.healthline.com/health/healthy-sleep/how-to-lucid-dream","text/html; charset=utf-8","200","OK","5","2"
"https://www.sciencedirect.com/science/article/pii/S2213398421000920","text/html; charset=utf-8","200","OK","5","2"
"https://www.almanac.com/full-moon-december","text/html; charset=UTF-8","200","OK","5","2"
"https://www.mindful.org/how-to-meditate/","text/html; charset=UTF-8","200","OK","5","2"
"https://www.ncbi.nlm.nih.gov/pubmed/11863237","text/html; charset=iso-8859-1","302","Found","5","2"
"https://www.ncbi.nlm.nih.gov/pmc/articles/PMC4403871/","text/html; charset=iso-8859-1","302","Found","4","2"
"https://newsinhealth.nih.gov/2018/02/power-pets","text/html; charset=utf-8","200","OK","5","2"
"https://www.sciencedirect.com/science/article/abs/pii/S1087079220301283","text/html; charset=utf-8","200","OK","5","2"
"https://academic.oup.com/sleep/article/32/11/1449/2454347","text/html","403","Forbidden","5","2"
"https://www.condair.com/humidity-health-wellbeing/scientific-studies/low-ambient-humidity-impairs-barrier-function-and-innate-resistance-against-influenza-infection","text/html; charset=utf-8","200","OK","5","2"
"https://www.ninds.nih.gov/Disorders/Patient-Caregiver-Education/Understanding-Sleep","text/html; charset=utf-8","200","OK","5","2"
"https://www.health.harvard.edu/diseases-and-conditions/tinnitus-ringing-in-the-ears-and-what-to-do-about-it","text/html; charset=UTF-8","200","OK","5","6"
"https://www.ncbi.nlm.nih.gov/pmc/articles/PMC3198755/","text/html; charset=iso-8859-1","302","Found","5","2"
"https://www.apa.org/monitor/2020/04/nurtured-nature","text/html; charset=utf-8","200","OK","5","2"
"https://www.homedepot.com/c/ai/how-to-clean-a-mattress/9ba683603be9fa5395fab9008f07cba","text/html; charset=utf-8","200","OK","4","2"
"https://www.youtube.com/watch?v=_Vp_IK-oD6M","text/html; charset=utf-8","200","OK","5","2"
"https://www.sciencedirect.com/science/article/abs/pii/S1550830718302763","text/html; charset=utf-8","200","OK","4","14"
"https://www.nccih.nih.gov/health/meditation-in-depth","text/html","200","OK","4","5"
"https://www.mayoclinic.org/tests-procedures/polysomnography/about/pac-20394877","text/html; charset=utf-8","200","OK","5","2"
"https://www.masterclass.com/articles/rem-sleep-guide","text/html; charset=UTF-8","403","Forbidden","5","2"
"https://www.ncbi.nlm.nih.gov/pmc/articles/PMC5015038/","text/html; charset=iso-8859-1","302","Found","5","6"
"https://www.ipnos.com/terms-of-service/","text/html; charset=UTF-8","200","OK","2","994"
"https://www.mayoclinic.org/healthy-lifestyle/stress-management/in-depth/relaxation-technique/art-20045368","text/html; charset=utf-8","200","OK","5","2"
"https://www.johnmoyer.com/","text/html; charset=UTF-8","200","OK","5","2"
"https://www.ncbi.nlm.nih.gov/pubmed/29222722","text/html; charset=iso-8859-1","302","Found","5","3"
"https://www.additudemag.com/statistics-of-adhd/","text/html; charset=UTF-8","200","OK","4","2"
"https://pubmed.ncbi.nlm.nih.gov/7077345/","text/html; charset=iso-8859-1","302","Found","5","2"
"https://health.clevelandclinic.org/managing-insomnia-for-those-with-chronic-pain/","text/html; charset=UTF-8","200","OK","5","2"
"https://www.sciencedirect.com/science/article/abs/pii/S1087079212001141","text/html; charset=utf-8","200","OK","5","2"
"https://www.hopkinsmedicine.org/news/newsroom/news-releases/restless-legs-syndrome-brain-stimulation-study-supports-motor-cortex-excitability-as-a-cause","text/html;charset=UTF-8","200","OK","5","2"
"https://harver.com/blog/workplace-wellness-tips/","text/html; charset=UTF-8","200","OK","5","2"
"https://www.mentalhelp.net/stress/socialization-and-altruistic-acts-as-stress-relief/","text/html; charset=UTF-8","200","OK","5","2"
"https://www.wwu.edu/planetarium/a101/indianmoons.shtml","text/html; charset=iso-8859-1","301","Moved Permanently","5","2"
"https://www.ncbi.nlm.nih.gov/pmc/articles/PMC4763354/","text/html; charset=iso-8859-1","302","Found","5","4"
"https://pubmed.ncbi.nlm.nih.gov/22578422/","text/html; charset=iso-8859-1","302","Found","5","2"
"https://healthcare.utah.edu/healthfeed/postings/2017/03/workouts-dehydration.php","text/html; charset=UTF-8","200","OK","5","2"
"https://pubmed.ncbi.nlm.nih.gov/26483209/","text/html; charset=iso-8859-1","302","Found","5","2"
"https://www.instagram.com/bettersleep_jp/","text/html; charset=utf-8","200","OK","3","2"
"https://www.frontiersin.org/articles/10.3389/fpsyg.2015.00047/full","text/html; charset=utf-8","200","OK","5","2"
"https://www.lancastergeneralhealth.org/health-hub-home/2021/april/stroke-the-hidden-risk-of-sleep-deprivation","text/html; charset=utf-8","200","OK","5","2"
"https://www.sciencedaily.com/releases/2018/06/180604093124.htm","text/html","200","OK","5","3"
"https://twitter.com/BetterSleepBR","text/html; charset=utf-8","200","OK","3","36"
"https://www.uclahealth.org/marc/default.cfm","text/html;charset=UTF-8","200","OK","5","2"
"https://www.ncbi.nlm.nih.gov/pubmed/16131287","text/html; charset=iso-8859-1","302","Found","5","2"
"https://www.frontiersin.org/articles/10.3389/fneur.2012.00054/full","text/html; charset=utf-8","200","OK","5","2"
"https://medium.com/the-ascent/can-you-meditate-lying-down-the-real-truth-about-a-misunderstood-concept-ad7fca600845","text/html; charset=utf-8","410","Gone","5","2"
"https://pubmed.ncbi.nlm.nih.gov/25673114/","text/html; charset=iso-8859-1","302","Found","5","2"
"https://www.sciencedirect.com/science/article/pii/S0272735814001354?via=ihub","text/html; charset=utf-8","200","OK","5","2"
"https://www.sciencedaily.com/releases/2014/06/140602101207.htm","text/html","200","OK","5","3"
"https://www.sciencedaily.com/releases/2018/07/180702094054.htm","text/html","200","OK","7","1"
"https://www.youtube.com/embed/uYniFZhppVI?autoplay=1&mute=1&enablejsapi=1","text/html; charset=utf-8","200","OK","4","0"
"https://www.nytimes.com/2022/01/01/style/bedtime-stories-for-adults.html","text/html; charset=utf-8","200","OK","5","2"
"https://www.ahajournals.org/doi/10.1161/HYPERTENSIONAHA.114.04604","text/html; charset=utf-8","302","Found","5","4"
"https://www.ncbi.nlm.nih.gov/pmc/articles/PMC6848556/","text/html; charset=iso-8859-1","302","Found","5","2"
"https://sleepeducation.org/cdc-americans-sleep-deprived/","text/html; charset=UTF-8","200","OK","5","2"
"https://www.helpguide.org/articles/stress/relaxation-techniques-for-stress-relief.htm","text/html; charset=UTF-8","200","OK","5","2"
"https://twitter.com/BetterSleepFR","text/html; charset=utf-8","200","OK","3","18"
"https://www.almanac.com/content/full-moon-november","text/html; charset=UTF-8","301","Moved Permanently","5","2"
"https://medicine.wustl.edu/news/decreased-deep-sleep-linked-to-early-signs-of-alzheimers-disease/","text/html; charset=UTF-8","200","OK","5","2"
"https://behavioralandbrainfunctions.biomedcentral.com/articles/10.1186/1744-9081-6-55","text/html; charset=""UTF-8""","200","OK","5","2"
"https://www.psychologytoday.com/us/blog/comfort-gratitude/202007/gratitude-helps-minimize-feelings-stress","text/html; charset=iso-8859-1","403","Forbidden","5","2"
"https://academic.oup.com/sleep/article/42/1/zsy207/5146032?login=true","text/html","403","Forbidden","5","2"
"https://twitter.com/BetterSleepES","text/html; charset=utf-8","200","OK","3","36"
"https://www.frontiersin.org/articles/10.3389/fnins.2017.00365/full","text/html; charset=utf-8","200","OK","5","3"
"https://www.healthline.com/health/natural-ways-to-reduce-anxiety","text/html; charset=utf-8","200","OK","5","2"
"https://dreamastromeanings.com/dreams-about-mice-interpretation-and-meaning/","text/html; charset=UTF-8","200","OK","5","2"
"https://mymodernmet.com/whats-sleep-animal-find-quiz/","text/html; charset=UTF-8","200","OK","5","2"
"https://www.auntyflo.com/dream-dictionary/bear","text/html; charset=UTF-8","200","OK","4","2"
"https://journals.plos.org/plosone/article?id=10.1371/journal.pone.0196645","text/html;charset=UTF-8","200","","5","3"
"https://dubslabs.com/blog/crying-in-your-sleep-why-does-it-happen-and-when-to-worry-/","text/html; charset=UTF-8","200","OK","5","2"
"https://web.archive.org/web/20160220073535/https://www.cdc.gov/features/dssleep/","text/html; charset=utf-8","200","OK","4","2"
"https://www.healthline.com/health/chronotype","text/html; charset=utf-8","200","OK","5","2"
"https://www.ncbi.nlm.nih.gov/pmc/articles/PMC3667430/","text/html; charset=iso-8859-1","302","Found","5","2"
"https://www.rwu.edu/undergraduate/student-life/health-and-counseling/health-education-program/dimensions-wellness","text/html; charset=UTF-8","200","OK","5","2"
"https://www.mentalfloss.com/article/71994/why-cant-i-sleep-weekends-anymore","text/html","200","OK","5","2"
"https://www.ncbi.nlm.nih.gov/pmc/articles/PMC4410924/","text/html; charset=iso-8859-1","302","Found","5","2"
"https://www.mayoclinic.org/healthy-lifestyle/stress-management/in-depth/positive-thinking/art-20043950","text/html; charset=utf-8","200","OK","5","4"
"https://www.sciencedirect.com/science/article/pii/S2352250X19301460","text/html; charset=utf-8","200","OK","5","2"
"https://reviewlution.ca/resources/sleep-statistics-canada/","text/html; charset=UTF-8","200","OK","5","2"
"https://www.sciencedirect.com/topics/neuroscience/chronobiology","text/html; charset=utf-8","200","OK","5","2"
"https://www.ncbi.nlm.nih.gov/pmc/articles/PMC3312901/","text/html; charset=iso-8859-1","302","Found","5","2"
"https://www.sciencedirect.com/science/article/abs/pii/0022460X9190537T","text/html; charset=utf-8","200","OK","5","2"
"https://www.ncbi.nlm.nih.gov/pmc/articles/PMC4923834/","text/html; charset=iso-8859-1","302","Found","5","9"
"https://www.omicsonline.org/editor-profile/Glen_Rein/","text/html; charset=UTF-8","301","Moved Permanently","4","4"
"https://www.ncbi.nlm.nih.gov/pmc/articles/PMC6125027/","text/html; charset=iso-8859-1","302","Found","5","2"
"https://www.sleephealth.org/sleep-health/the-state-of-sleephealth-in-america/","text/html; charset=UTF-8","200","OK","5","2"
"https://www.undiscoveredscotland.co.uk/usbiography/b/jamesbraid.html","text/html","200","OK","5","3"
"https://www.sciencedaily.com/releases/2018/12/181203080327.htm","text/html","200","OK","5","2"
"https://www.health.harvard.edu/healthbeat/giving-thanks-can-make-you-happier","text/html; charset=UTF-8","200","OK","5","4"
"https://entfortwayne.com/benefits-of-sleeping-on-your-back/","text/html; charset=UTF-8","200","OK","5","2"
"https://pubmed.ncbi.nlm.nih.gov/32849025/","text/html; charset=iso-8859-1","302","Found","5","2"
"https://www.sleepfoundation.org/sleep-hygiene/healthy-sleep-tips","text/html; charset=UTF-8","200","OK","5","2"
"https://www.jpma.org/page/parents_bassinets_and_more","text/html;charset=utf-8","403","Forbidden","5","2"
"https://www.researchgate.net/publication/259635833_A_higher-Order_Gratitude_Uniquely_Predicts_Subjective_Well-Being_Incremental_Validity_Above_the_Personality_and_a_Single_Gratitude","text/html; charset=utf-8","200","OK","5","2"
"https://www.instagram.com/bettersleep_ru/","text/html; charset=utf-8","200","OK","3","2"
"https://pubmed.ncbi.nlm.nih.gov/23582682/","text/html; charset=iso-8859-1","302","Found","5","2"
"https://medlineplus.gov/insomnia.html","text/html","200","OK","5","2"
"https://link.springer.com/article/10.1186/s13063-021-05831-3","text/html;charset=utf-8","200","OK","5","2"
"https://www.healthline.com/health/nightmares","text/html; charset=utf-8","200","OK","5","2"
"https://www.cdc.gov/sleep/features/getting-enough-sleep.html","text/html","200","OK","4","2"
"https://medlineplus.gov/howtoimprovementalhealth.html","text/html","200","OK","5","4"
"https://www.ncbi.nlm.nih.gov/pmc/articles/PMC6081069/","text/html; charset=iso-8859-1","302","Found","5","2"
"https://pubmed.ncbi.nlm.nih.gov/18367017/","text/html; charset=iso-8859-1","302","Found","5","2"
"https://www.ncbi.nlm.nih.gov/pmc/articles/PMC1693417/pdf/15347530.pdf","text/html; charset=iso-8859-1","302","Found","5","2"
"https://www.ncbi.nlm.nih.gov/pubmed/21669584","text/html; charset=iso-8859-1","302","Found","5","2"
"https://www.sciencedaily.com/releases/2003/08/030818071457.htm","text/html","200","OK","5","2"
"https://www.sleepfoundation.org/circadian-rhythm","text/html; charset=UTF-8","200","OK","5","2"
"https://www.nytimes.com/2021/04/19/well/mind/covid-mental-health-languishing.html","text/html; charset=utf-8","200","OK","5","2"
"https://www.sciencedaily.com/releases/2017/03/170330132354.htm","text/html","200","OK","5","3"
"https://www.ncbi.nlm.nih.gov/pmc/articles/PMC5562758/","text/html; charset=iso-8859-1","302","Found","5","2"
"https://www.health.com/condition/infectious-diseases/what-is-a-fever-dream","text/html; charset=utf-8","200","OK","4","2"
"https://www.thelist.com/411362/what-it-really-means-when-you-dream-about-dogs/","text/html; charset=UTF-8","200","OK","5","2"
"https://www.hopkinsmedicine.org/health/wellness-and-prevention/the-effects-of-sleep-deprivation","text/html; charset=utf-8","200","OK","5","2"
"https://pubmed.ncbi.nlm.nih.gov/28364486/","text/html; charset=iso-8859-1","302","Found","5","2"
"https://www.youtube.com/channel/UCD-R2C8WfLQ59RIh03hmqng","text/html; charset=utf-8","200","OK","3","2"
"https://www.mayoclinic.org/diseases-conditions/insomnia/symptoms-causes/syc-20355167","text/html; charset=utf-8","200","OK","5","11"
"https://www.ncbi.nlm.nih.gov/pmc/articles/PMC3076978/","text/html; charset=iso-8859-1","302","Found","5","2"
"https://kidshealth.org/en/parents/sleepnewborn.html","text/html;charset=utf-8","200","OK","5","2"
"https://newsnetwork.mayoclinic.org/discussion/mayo-mindfulness-overcoming-negative-self-talk/","text/html; charset=UTF-8","200","OK","5","2"
"https://www.ncbi.nlm.nih.gov/pubmed/23862643","text/html; charset=iso-8859-1","302","Found","5","3"
"https://www.hindawi.com/journals/ecam/2018/4505191/","text/html; charset=utf-8","200","OK","5","2"
"https://pubmed.ncbi.nlm.nih.gov/20438325/","text/html; charset=iso-8859-1","302","Found","5","2"
"https://www.omicsonline.org/open-access/the-effects-of-528-hz-sound-wave-to-reduce-cell-death-in-human-astrocyteprimary-cell-culture-treated-with-ethanol-2155-6105-1000335.php?aid=91771","text/html; charset=UTF-8","200","OK","4","4"
"https://pubmed.ncbi.nlm.nih.gov/2405784/","text/html; charset=iso-8859-1","302","Found","5","2"
"https://www.sciencedirect.com/science/article/abs/pii/S0306453008002199","text/html; charset=utf-8","200","OK","5","2"
"https://www.ncbi.nlm.nih.gov/pmc/articles/PMC4165901/","text/html; charset=iso-8859-1","302","Found","5","2"
"https://can01.safelinks.protection.outlook.com/?url=https%3A%2F%2Fwww.behavioralsleep.org%2Fimages%2FPosition%2FSleep-Coaching-Position-Statement.pdf&data=04|01|reut.gruber%40douglas.mcgill.ca|2143224807f348e4441e08d8d8125788|06e1fe285f8b4075bf6cae24be1a7992|0|0|637496921635314765|Unknown|TWFpbGZsb3d8eyJWIjoiMC4wLjAwMDAiLCJQIjoiV2luMzIiLCJBTiI6Ik1haWwiLCJXVCI6Mn0%3D|3000&sdata=DktltnfbKUhA5%2Bet9epFR2iKNnZd58unmLjaHTRKy%2FA%3D&reserved=0","text/html; charset=utf-8","302","Found","5","2"
"https://www.ncbi.nlm.nih.gov/pubmed/20202954","text/html; charset=iso-8859-1","302","Found","5","2"
"https://www.rte.ie/lifestyle/living/2019/0213/1029317-thunder-therapy-the-sleep-aid-taking-the-world-by-storm/","text/html; charset=utf-8","200","OK","5","2"
"https://journals.lww.com/jonmd/Abstract/2020/02000/Efficacy_of_Binaural_Beat_Meditation_Technology.12.aspx","text/html; charset=utf-8","200","OK","5","2"
"https://www.msdmanuals.com/professional/neurologic-disorders/sleep-and-wakefulness-disorders/approach-to-the-patient-with-a-sleep-or-wakefulness-disorder","text/html; charset=utf-8","200","OK","5","2"
"https://www.frontiersin.org/articles/10.3389/fpsyg.2015.01969/full","text/html; charset=utf-8","200","OK","5","2"
"https://www.ncbi.nlm.nih.gov/pmc/articles/PMC6407543/","text/html; charset=iso-8859-1","302","Found","5","2"
"https://www.youtube.com/user/WhisperingLife/featured","text/html; charset=utf-8","200","OK","5","5"
"https://www.ncbi.nlm.nih.gov/pmc/articles/PMC7081717/","text/html; charset=iso-8859-1","302","Found","5","2"
"https://www.mayoclinic.org/diseases-conditions/anxiety/symptoms-causes/syc-20350961","text/html; charset=utf-8","200","OK","5","4"
"https://www.ncbi.nlm.nih.gov/pmc/articles/PMC2737577/","text/html; charset=iso-8859-1","302","Found","5","2"
"https://www.mayoclinic.org/healthy-lifestyle/adult-health/in-depth/sleep/art-20048379","text/html; charset=utf-8","200","OK","5","2"
"https://www.nigms.nih.gov/education/fact-sheets/Pages/circadian-rhythms.aspx","text/html; charset=utf-8","200","OK","4","6"
"https://www.creativequarter.com/articles/life/sleep-deprivation-kills-creativity","text/html; charset=UTF-8","200","OK","5","2"
"https://www.ncbi.nlm.nih.gov/pubmed/22038497/","text/html; charset=iso-8859-1","302","Found","5","2"
"https://health.clevelandclinic.org/how-to-get-better-sleep-with-sciatica-pain/","text/html; charset=UTF-8","200","OK","5","2"
"https://www.sciencedirect.com/science/article/abs/pii/S1389945718304015?via=ihub","text/html; charset=utf-8","200","OK","5","2"
"https://www.ncbi.nlm.nih.gov/pmc/articles/PMC4873188/","text/html; charset=iso-8859-1","302","Found","5","2"
"https://www.sleephealthfoundation.org.au/delayed-sleep-phase-syndrome-dsps.html","text/html; charset=utf-8","200","OK","5","2"
"https://pubmed.ncbi.nlm.nih.gov/27995346/","text/html; charset=iso-8859-1","302","Found","5","2"
"https://www.cbc.ca/kidscbc2/the-feed/whats-the-story-new-years-day","text/html; charset=UTF-8","200","OK","5","2"
"https://medlineplus.gov/genetics/condition/restless-legs-syndrome/","text/html","200","OK","5","2"
"https://www.researchgate.net/publication/333852911_Sound_Healing_using_Solfeggio_Frequencies","text/html; charset=utf-8","200","OK","5","4"
"https://www.helpguide.org/articles/stress/coping-with-financial-stress.htm","text/html; charset=UTF-8","200","OK","5","2"
"https://www.pyramidhealthcarepa.com/what-is-the-difference-between-mental-health-emotional-health/","text/html","301","Moved Permanently","5","2"
"https://www.ncbi.nlm.nih.gov/pubmed/15964485","text/html; charset=iso-8859-1","302","Found","5","2"
"https://www.instagram.com/bettersleep_es/","text/html; charset=utf-8","302","Found","3","36"
"https://www.frontiersin.org/articles/10.3389/fpsyg.2020.00053/full","text/html; charset=utf-8","200","OK","4","4"
"https://www.anxietycentre.com/anxiety-disorders/symptoms/anxiety-and-restless-leg-syndrome/","text/html; charset=UTF-8","200","OK","5","2"
"https://www.techradar.com/news/how-often-should-you-change-your-mattress","text/html; charset=utf-8","200","OK","4","2"
"https://www.tandfonline.com/doi/abs/10.1080/08964280109595773","text/html; charset=utf-8","302","Found","5","2"
"https://www.ncbi.nlm.nih.gov/pmc/articles/PMC2904525/","text/html; charset=iso-8859-1","302","Found","5","2"
"https://pubmed.ncbi.nlm.nih.gov/8340561/","text/html; charset=iso-8859-1","302","Found","5","2"
"https://www.aboutkidshealth.ca/article?contentid=645&language=english","text/html","200","OK","4","2"
"https://www.sleepfoundation.org/dreams/fever-dream","text/html; charset=UTF-8","200","OK","4","2"
"https://www.euro.who.int/__data/assets/pdf_file/0008/114101/E84683.pdf","text/html","410","Gone","4","4"
"https://www.cdc.gov/sids/parents-caregivers.htm","text/html","200","OK","5","2"
"https://www.cambridge.org/core/journals/behavioural-and-cognitive-psychotherapy/article/initial-insomnia-and-paradoxical-intention-an-experimental-investigation-of-putative-mechanisms-using-subjective-and-actigraphic-measurement-of-sleep/D4631FDBB4640E0CF58FFBC17E8CCD98","text/html; charset=utf-8","302","Found","5","2"
"https://www.ncbi.nlm.nih.gov/pmc/articles/PMC2775419/","text/html; charset=iso-8859-1","302","Found","5","2"
"https://pubmed.ncbi.nlm.nih.gov/27912875/","text/html; charset=iso-8859-1","302","Found","5","2"
"https://meridian.allenpress.com/ijyt/article-abstract/28/1/97/138204/Kundalini-Yoga-for-Generalized-Anxiety-Disorder-An?redirectedFrom=fulltext","text/html","403","Forbidden","5","2"
"https://www.usatoday.com/story/life/health-wellness/2021/01/15/mental-health-check-what-ask-and-how-know-if-you-need-help/4134270001/","text/html; charset=utf-8","200","OK","5","2"
"https://play.google.com/store/apps/details?id=ipnossoft.rma.free&hl=en_CA&gl=US&pid=web&c=web&af_js_web=true","text/html; charset=utf-8","200","OK","4","0"
"https://onlinelibrary.wiley.com/doi/full/10.1111/j.1600-0838.2009.01058.x","text/html; charset=UTF-8","503","Service Temporarily Unavailable","4","2"
"https://journals.physiology.org/doi/abs/10.1152/physrev.00046.2019","text/html; charset=utf-8","302","Found","5","2"
"https://link.springer.com/article/10.1007/s12144-020-01042-2?wt_mc=socialmedia.facebook.1.SEM.ArticleAuthorOnlineFirst&fbclid=IwAR02s5l4XvBbQOKh3UYC8cZDNAWXHwcL7Kvo-U62XFcv2KSakI5sWtbBv8Y&error=cookies_not_supported&code=a159725f-4097-4143-8b76-8e133fb6d4b7","text/html;charset=utf-8","200","OK","5","2"
"https://www.pinterest.com/bettersleephq/","text/html; charset=utf-8","200","OK","2","1012"
"https://www.houstonmethodist.org/blog/articles/2020/feb/night-sweats-7-reasons-you-may-be-sweating-at-night/","text/html; charset=utf-8","200","OK","5","2"
"https://www.mayoclinic.org/diseases-conditions/tinnitus/symptoms-causes/syc-20350156","text/html; charset=utf-8","200","OK","5","6"
"https://www.ahajournals.org/doi/10.1161/01.cir.0000048890.59383.8d","text/html; charset=utf-8","302","Found","5","2"
"https://dreamingandsleeping.com/dreams-about-bears-interpretation-and-meaning/","text/html; charset=UTF-8","200","OK","4","2"
"https://jcsm.aasm.org/doi/10.5664/jcsm.7176","text/html; charset=utf-8","302","Found","5","2"
"https://www.ncbi.nlm.nih.gov/pubmed/19073292","text/html; charset=iso-8859-1","302","Found","5","2"
"https://www.cdc.gov/sleep/about_sleep/cant_sleep.html","text/html","200","OK","4","2"
"https://www.almanac.com/astronomy/moon-rise-and-set","text/html; charset=UTF-8","200","OK","5","2"
"https://www.who.int/news/item/28-05-2019-burn-out-an-occupational-phenomenon-international-classification-of-diseases","text/html; charset=utf-8","200","OK","5","2"
"https://www.facebook.com/groups/IAmASMR/","text/html; charset=""utf-8""","200","OK","5","5"
"https://pubmed.ncbi.nlm.nih.gov/29699592/","text/html; charset=iso-8859-1","302","Found","5","2"
"https://pubmed.ncbi.nlm.nih.gov/25234581/","text/html; charset=iso-8859-1","302","Found","7","1"
"https://bocaratondentalsleepmedicine.com/blog/2020/11/best-sleeping-positions-for-sleep-apnea/","text/html; charset=UTF-8","200","OK","5","2"
"https://www.sciencedaily.com/releases/2018/06/180601171900.htm","text/html","200","OK","5","2"
"https://www.health.harvard.edu/mind-and-mood/tips-for-beating-anxiety-to-get-a-better-nights-sleep","text/html; charset=UTF-8","200","OK","5","2"
"https://www.ncbi.nlm.nih.gov/pmc/articles/PMC2913764/","text/html; charset=iso-8859-1","302","Found","5","2"
"https://www.apa.org/news/press/releases/stress/2013/sleep","text/html; charset=utf-8","200","OK","4","9"
"https://www.cdc.gov/tobacco/campaign/tips/quit-smoking/7-common-withdrawal-symptoms/index.html","text/html","200","OK","5","2"
"https://www.googletagmanager.com/ns.html?id=GTM-KTHK2CZ","text/html; charset=UTF-8","200","OK","2","0"
"https://med.stanford.edu/news/all-news/2016/07/study-identifies-brain-areas-altered-during-hypnotic-trances.html","text/html;charset=utf-8","200","OK","5","2"
"https://www.nature.com/articles/43366","text/html","303","See Other","5","2"
"https://www.ipnos.com/?lang=fr","text/html; charset=UTF-8","200","OK","3","18"
"https://www.geisinger.org/health-and-wellness/wellness-articles/2018/03/05/21/06/not-getting-enough-sleep-it-could-make-you-sick","text/html; charset=utf-8","200","OK","5","2"
"https://hbr.org/2020/04/to-take-care-of-others-start-by-taking-care-of-yourself","text/html;charset=utf-8","200","","5","2"
"https://www.romper.com/p/are-bed-rails-safe-what-to-know-when-setting-up-that-big-kid-bed-67082","text/html","200","OK","5","2"
"https://www.ncbi.nlm.nih.gov/pmc/articles/PMC1297510/","text/html; charset=iso-8859-1","302","Found","5","2"
"https://www.ipnos.com/privacy-policy","text/html; charset=UTF-8","301","Moved Permanently","2","956"
"https://newyorkjazzworkshop.com/jazzs-effects-brain/","text/html; charset=UTF-8","200","OK","5","2"
"https://www.medicalnewstoday.com/articles/adhd-and-restless-leg-syndrome","text/html; charset=utf-8","200","OK","5","4"
"https://www.tandfonline.com/doi/full/10.1080/07420528.2017.1417313","text/html; charset=utf-8","302","Found","5","2"
"https://www.nccih.nih.gov/health/melatonin-what-you-need-to-know","text/html","200","OK","5","2"
"https://www.sciencedaily.com/releases/2018/03/180309095520.htm","text/html","200","OK","5","2"
"https://greatergood.berkeley.edu/article/item/research_round_up_school_based_mindfulness_programs","text/html; charset=UTF-8","200","OK","5","2"
"https://www.parents.com/baby/care/newborn/how-close-should-a-humidifier-be-to-baby/","text/html; charset=utf-8","200","OK","5","2"
"https://www.health.harvard.edu/sleep/8-reasons-why-youre-not-sleeping","text/html; charset=UTF-8","200","OK","5","2"
"https://pubmed.ncbi.nlm.nih.gov/19742407/","text/html; charset=iso-8859-1","302","Found","5","2"
"https://www.ncbi.nlm.nih.gov/pubmed/25546595","text/html; charset=iso-8859-1","302","Found","5","2"
"https://my.clevelandclinic.org/health/articles/12148-sleep-basics","text/html; charset=utf-8","200","OK","5","2"
"https://www.eurekalert.org/news-releases/486663","text/html; charset=UTF-8","200","OK","5","4"
"https://www.frontiersin.org/articles/10.3389/fnbeh.2016.00240/full","text/html; charset=utf-8","200","OK","5","2"
"https://www.ncbi.nlm.nih.gov/pmc/articles/PMC4008810/","text/html; charset=iso-8859-1","302","Found","5","4"
"https://pubmed.ncbi.nlm.nih.gov/15660547/","text/html; charset=iso-8859-1","302","Found","5","6"
"https://bjsm.bmj.com/content/54/16/960","text/html; charset=utf-8","200","OK","5","2"
"https://www.hopkinsmedicine.org/health/wellness-and-prevention/the-friend-who-keeps-you-young","text/html; charset=utf-8","200","OK","5","2"
"https://rockhealth.com/insights/digital-health-consumer-adoption-report-2019/","text/html; charset=UTF-8","200","OK","5","2"
"https://www.ncbi.nlm.nih.gov/pmc/articles/PMC4684838/","text/html; charset=iso-8859-1","302","Found","5","3"
"https://pubmed.ncbi.nlm.nih.gov/9423966/","text/html; charset=iso-8859-1","302","Found","5","2"
"https://www.ncbi.nlm.nih.gov/pmc/articles/PMC5886433/","text/html; charset=iso-8859-1","302","Found","5","2"
"https://www.nih.gov/news-events/nih-research-matters/sleep-deprivation-increases-alzheimers-protein","text/html; charset=utf-8","200","OK","5","2"
"https://pubmed.ncbi.nlm.nih.gov/34335067/","text/html; charset=iso-8859-1","302","Found","5","2"
"https://www.almanac.com/full-moon-names","text/html; charset=UTF-8","200","OK","5","2"
"https://www.ata.org/understanding-facts/impact-tinnitus","text/html; charset=utf-8","200","OK","5","4"
"https://www.ncbi.nlm.nih.gov/pmc/articles/PMC7022433/","text/html; charset=iso-8859-1","302","Found","5","4"
"https://www.omnicalculator.com/everyday-life/weighted-blanket","text/html; charset=utf-8","200","OK","5","2"
"https://enticare.com/2020/06/12/sleep-and-creativity/","text/html; charset=UTF-8","200","OK","5","2"
"https://doi.org/10.7717/peerj.851","text/html;charset=utf-8","302","Found","5","4"
"https://www.parents.com/baby/sleep/basics/sleep-training-methods/","text/html; charset=utf-8","200","OK","4","2"
"https://jcsm.aasm.org/doi/10.5664/jcsm.1476","text/html; charset=utf-8","302","Found","5","2"
"https://www.healthline.com/health/sleep/why-white-noise-may-help-you-get-your-best-sleep-ever","text/html; charset=utf-8","200","OK","5","2"
"https://www.nytimes.com/2018/05/07/well/family/lullabies-parents-babies-bonding-mothers-singing.html","text/html; charset=utf-8","200","OK","5","2"
"https://www.facebook.com/BetterSleepFr","text/html; charset=""utf-8""","200","OK","3","18"
"https://www.frontiersin.org/articles/10.3389/fphys.2019.00927/full","text/html; charset=utf-8","200","OK","5","2"
"https://www.jstor.org/stable/3090197?seq=1","text/html","403","Forbidden","5","4"
"https://pubmed.ncbi.nlm.nih.gov/30395316/","text/html; charset=iso-8859-1","302","Found","4","2"
"https://www.nature.com/articles/srep45273","text/html","303","See Other","4","3"
"https://www.thejoint.com/california/los-angeles/sunset-galleria-31149/306974-do-waterbeds-help-with-back-pain","text/html; charset=UTF-8","200","OK","5","2"
"https://greatergood.berkeley.edu/article/item/the_mindfulness_skill_that_is_crucial_for_stress","text/html; charset=UTF-8","200","OK","5","2"
"https://www.health.harvard.edu/staying-healthy/exercising-to-relax","text/html; charset=UTF-8","200","OK","5","2"
"https://news.harvard.edu/gazette/story/2018/04/harvard-researchers-study-how-mindfulness-may-change-the-brain-in-depressed-patients/","text/html; charset=UTF-8","200","OK","5","2"
"https://pubmed.ncbi.nlm.nih.gov/34049045/","text/html; charset=iso-8859-1","302","Found","5","2"
"https://www.facebook.com/BetterSleepEs","text/html; charset=""utf-8""","200","OK","3","36"
"https://www.ncbi.nlm.nih.gov/pmc/articles/PMC2697581/","text/html; charset=iso-8859-1","302","Found","5","6"
"https://www.ncbi.nlm.nih.gov/pubmed/28546678","text/html; charset=iso-8859-1","302","Found","5","3"
"https://www.ncbi.nlm.nih.gov/pubmed/26567064","text/html; charset=iso-8859-1","302","Found","5","2"
"https://pubmed.ncbi.nlm.nih.gov/19456998/","text/html; charset=iso-8859-1","302","Found","5","4"
"https://journals.sagepub.com/doi/abs/10.1177/0009922815593907","text/html; charset=UTF-8","503","Service Temporarily Unavailable","5","4"
"https://www.medicalnewstoday.com/articles/do-weighted-blankets-work","text/html; charset=utf-8","200","OK","5","4"
"https://www.mayoclinic.org/tests-procedures/meditation/in-depth/meditation/art-20045858","text/html; charset=utf-8","200","OK","5","4"
"https://www.ncbi.nlm.nih.gov/pmc/articles/PMC5742584/","text/html; charset=iso-8859-1","302","Found","5","3"
"https://pubmed.ncbi.nlm.nih.gov/28703602/","text/html; charset=iso-8859-1","302","Found","5","2"
"https://journals.sagepub.com/doi/abs/10.1177/1359105315572455?journalCode=hpqa","text/html; charset=UTF-8","503","Service Temporarily Unavailable","5","2"
"https://www.nimh.nih.gov/health/publications/chronic-illness-mental-health","text/html; charset=UTF-8","200","OK","5","2"
"https://www.ncbi.nlm.nih.gov/pmc/articles/PMC1792397/","text/html; charset=iso-8859-1","302","Found","5","9"
"https://www.webmd.com/sleep-disorders/pink-noise-sleep","text/html","200","OK","5","2"
"https://play.google.com/store/apps/details?id=ipnossoft.rma.free&hl=en_CA&gl=US&shortlink=3838ada3&c=landing%20page%20play%20store&pid=rm_web&deep_link_value=relaxmelodies://","text/html; charset=utf-8","200","OK","3","0"
"https://www.ingentaconnect.com/contentone/ufaw/aw/2002/00000011/00000004/art00002","text/html;charset=UTF-8","200","OK","5","2"
"https://www.mayoclinic.org/diseases-conditions/sleep-apnea/diagnosis-treatment/drc-20377636","text/html; charset=utf-8","200","OK","5","2"
"https://theartofehsaas.com/2020/08/22/why-do-millions-of-adults-use-a-night-light/","text/html; charset=UTF-8","200","OK","5","2"
"https://healthblog.uofmhealth.org/health-management/3-reasons-women-are-more-likely-to-have-insomnia","text/html; charset=UTF-8","200","OK","5","2"
"https://www.classicfm.com/music-news/classical-music-boosts-mental-health-wellbeing/","text/html; charset=utf-8","200","OK","5","2"
"https://www.almanac.com/content/full-moon-may","text/html; charset=UTF-8","301","Moved Permanently","5","2"
"https://www.cdc.gov/bloodpressure/facts.htm","text/html","200","OK","5","2"
"https://www.ninds.nih.gov/Disorders/Patient-Caregiver-Education/Fact-Sheets/Restless-Legs-Syndrome-Fact-Sheet%235","text/html; charset=utf-8","404","Not Found","5","1"
"https://www.mayoclinic.org/diseases-conditions/common-cold/in-depth/humidifiers/art-20048021","text/html; charset=utf-8","200","OK","5","2"
"https://www.healthline.com/health/what-do-dreams-about-having-twins-mean","text/html; charset=utf-8","200","OK","5","2"
"https://pubmed.ncbi.nlm.nih.gov/3238256/","text/html; charset=iso-8859-1","302","Found","5","2"
"https://www.ipnos.com/privacy-policy-es/","text/html; charset=UTF-8","200","OK","3","72"
"https://www.ncbi.nlm.nih.gov/pmc/articles/PMC4758137/","text/html; charset=iso-8859-1","302","Found","5","2"
"https://journals.humankinetics.com/doi/abs/10.1123/jsep.18.1.17","text/html","403","Forbidden","5","4"
"https://www.sciencedirect.com/science/article/pii/S1984006314000601","text/html; charset=utf-8","200","OK","5","3"
"https://www.mayoclinic.org/diseases-conditions/restless-legs-syndrome/diagnosis-treatment/drc-20377174","text/html; charset=utf-8","200","OK","5","2"
"https://www.healthline.com/health/drinking-water-before-bed","text/html; charset=utf-8","200","OK","5","2"
"https://www.mayoclinicproceedings.org/article/S0025-6196(17)30486-X/fulltext","text/html; charset=utf-8","302","Found","5","2"
"https://health.clevelandclinic.org/sleeping-with-socks-on/","text/html; charset=UTF-8","200","OK","5","2"
"https://www.academyofct.org/search/custom.asp?id=4410","text/html;charset=utf-8","403","Forbidden","5","4"
"https://dreaminterpretation.info/what-does-it-mean-when-you-dream-about-a-baby/","text/html; charset=UTF-8","200","OK","5","2"
"https://www.facebook.com/BetterSleepBR","text/html; charset=""utf-8""","200","OK","3","36"
"https://www.sciencedirect.com/science/article/abs/pii/S1558787811001845","text/html; charset=utf-8","200","OK","5","2"
"https://www.sciencedirect.com/science/article/abs/pii/S0031938497004368","text/html; charset=utf-8","200","OK","6","1"
"https://www.etymonline.com/word/red-eye","text/html; charset=utf-8","200","OK","5","2"
"https://www.ncbi.nlm.nih.gov/pmc/articles/PMC1181621/","text/html; charset=iso-8859-1","302","Found","5","2"
"https://www.sciencedirect.com/science/article/abs/pii/S1053810016301283","text/html; charset=utf-8","200","OK","4","2"
"https://www.telegraph.co.uk/news/health/news/5070874/Reading-can-help-reduce-stress.html","text/html; charset=UTF-8","200","OK","4","6"
"https://jcompassionatehc.biomedcentral.com/articles/10.1186/s40639-014-0005-9","text/html; charset=""UTF-8""","200","OK","5","2"
"https://www.ncbi.nlm.nih.gov/pubmed/18426457/","text/html; charset=iso-8859-1","302","Found","5","3"
"https://newsnetwork.mayoclinic.org/discussion/mayo-clinic-minute-the-benefits-of-being-socially-connected/","text/html; charset=UTF-8","200","OK","5","2"
"https://psycnet.apa.org/doiLanding?doi=10.1037%2F0022-3514.88.6.918","text/html; charset=UTF-8","200","OK","5","2"
"https://pubmed.ncbi.nlm.nih.gov/29260617/","text/html; charset=iso-8859-1","302","Found","5","2"
"https://www.healthychildren.org/English/tips-tools/ask-the-pediatrician/Pages/When-do-babies-first-smile.aspx","text/html; charset=utf-8","200","OK","5","2"
"https://www.ipnos.com/privacy-policy-ja/","text/html; charset=UTF-8","200","OK","3","4"
"https://www.thelawofattraction.com/law-of-attraction-manifestation-meditation/","text/html; charset=UTF-8","200","OK","5","2"
"https://www.almanac.com/content/full-moon-april","text/html; charset=UTF-8","200","OK","5","2"
"https://www.ipnos.com/politique-de-vie-privee/?lang=fr","text/html; charset=UTF-8","200","OK","3","54"
"https://dianearkenstone.com/how-relaxing-music-can-help-you-sleep-better/","text/html; charset=UTF-8","200","OK","5","2"
"https://www.mayoclinic.org/healthy-lifestyle/stress-management/in-depth/stress-symptoms/art-20050987","text/html; charset=utf-8","200","OK","5","2"
"https://www.cdc.gov/sleep/about_sleep/sleep_hygiene.html","text/html","200","OK","4","4"
"https://www.verywellmind.com/mood-tracker-app-help-mental-health-5215331","text/html;charset=utf-8","200","OK","5","2"
"https://bmcpublichealth.biomedcentral.com/articles/10.1186/1471-2458-13-773","text/html; charset=""UTF-8""","200","OK","5","2"
"https://pubmed.ncbi.nlm.nih.gov/10742315/","text/html; charset=iso-8859-1","302","Found","5","2"
"https://www.prevention.com/health/sleep-energy/g36490253/best-leg-elevation-pillows/","text/html; charset=UTF-8","200","OK","5","2"
"https://pubs.niaaa.nih.gov/publications/arh25-2/101-109.htm","text/html","200","OK","5","2"
"https://healthcare.utah.edu/the-scope/shows.php?shows=0_xa3qjafl","text/html; charset=utf-8","200","OK","5","2"
"https://www.ncbi.nlm.nih.gov/books/NBK453209/","text/html; charset=iso-8859-1","302","Found","5","2"
"https://www.ncbi.nlm.nih.gov/pmc/articles/PMC1794626/","text/html; charset=iso-8859-1","302","Found","5","2"
"https://www.who.int/campaigns/world-health-day/2022","text/html; charset=utf-8","200","OK","4","2"
"https://www.calmmoment.com/mindfulness/how-to-meditate-in-the-bath-or-shower/","text/html; charset=UTF-8","200","OK","5","2"
"https://www.ipnos.com/conditions-dutilisation/?lang=fr","text/html; charset=UTF-8","200","OK","3","18"
"https://www.livescience.com/33702-babies-dream-sleep.html","text/html; charset=utf-8","200","OK","5","2"
"https://www.cdc.gov/ncbddd/hearingloss/noise.html","text/html","200","OK","5","2"
"https://www.ncbi.nlm.nih.gov/pmc/articles/PMC5836745/","text/html; charset=iso-8859-1","302","Found","5","2"
"https://www.sciencedirect.com/science/article/abs/pii/S0022395609000211?via%3Dihub","text/html; charset=utf-8","200","OK","5","4"
"https://academic.oup.com/sleep/article/42/4/zsz015/5289255","text/html","403","Forbidden","5","2"
"https://www.ada.org/resources/research/science-and-research-institute/oral-health-topics/xerostomia","text/html; charset=utf-8","200","OK","5","2"
"https://www.ncbi.nlm.nih.gov/pmc/articles/PMC7274952/","text/html; charset=iso-8859-1","302","Found","5","2"
"https://www.ncbi.nlm.nih.gov/pmc/articles/PMC5312624/","text/html; charset=iso-8859-1","302","Found","5","2"
"https://asmruniversity.com/history-of-asmr/","text/html; charset=UTF-8","200","OK","5","4"
"https://www.cell.com/current-biology/fulltext/S0960-9822(11)00042-X","text/html; charset=utf-8","302","Found","5","2"
"https://academic.oup.com/sleep/article/40/suppl_1/A271/3782160","text/html","403","Forbidden","5","2"
"https://www.ncbi.nlm.nih.gov/pmc/articles/PMC4049314/","text/html; charset=iso-8859-1","302","Found","5","2"
"https://www.ncbi.nlm.nih.gov/pubmed/21075236","text/html; charset=iso-8859-1","302","Found","5","2"
"https://www.cdc.gov/sleep/publications/factsheets.html","text/html","200","OK","4","2"
"https://www.ncbi.nlm.nih.gov/pubmed/24294202","text/html; charset=iso-8859-1","302","Found","5","3"
"https://www.frontiersin.org/articles/10.3389/fnhum.2012.00292/full","text/html; charset=utf-8","200","OK","5","2"
"https://trialsjournal.biomedcentral.com/articles/10.1186/1745-6215-12-172","text/html; charset=""UTF-8""","200","OK","5","2"
"https://www.aafp.org/afp/2012/1201/p1037.html","text/html;charset=utf-8","200","OK","5","2"
"https://ard.bmj.com/content/73/6/975.short","text/html; charset=utf-8","200","OK","5","2"
"https://www.ncbi.nlm.nih.gov/pmc/articles/PMC3099097/","text/html; charset=iso-8859-1","302","Found","5","3"
"https://doi.apa.org/doiLanding?doi=10.1037%2F0033-2909.130.4.601","text/html; charset=UTF-8","200","OK","5","2"
"https://pubmed.ncbi.nlm.nih.gov/29312136/","text/html; charset=iso-8859-1","302","Found","5","2"
"https://www.facebook.com/BetterSleepJP","text/html; charset=""utf-8""","200","OK","3","2"
"https://www.mayoclinic.org/diseases-conditions/premenstrual-syndrome/symptoms-causes/syc-20376780","text/html; charset=utf-8","200","OK","5","2"
"https://www.aan.com/PressRoom/Home/PressRelease/1440","text/html; charset=utf-8","200","OK","5","2"
"https://www.performancehealth.com/articles/4-sleep-benefits-to-exercising-before-bed","text/html; charset=UTF-8","200","OK","5","2"
"https://www.frontiersin.org/articles/10.3389/fnins.2020.00757/full","text/html; charset=utf-8","200","OK","4","2"
"https://www.sciencedaily.com/releases/2018/01/180130123735.htm","text/html","200","OK","5","2"
"https://www.helpguide.org/articles/sleep/insomnia-causes-and-cures.htm","text/html; charset=UTF-8","200","OK","5","2"
"https://hbr.org/2020/08/8-ways-managers-can-support-employees-mental-health","text/html;charset=utf-8","200","","5","2"
"https://newsroom.clevelandclinic.org/2019/01/18/for-stress-relief-research-says-hug-it-out/","text/html; charset=UTF-8","200","OK","5","2"
"https://medlineplus.gov/genetics/condition/obstructive-sleep-apnea/","text/html","200","OK","5","2"
"https://www.ncbi.nlm.nih.gov/pubmed/29702043","text/html; charset=iso-8859-1","302","Found","5","2"
"https://greatergood.berkeley.edu/article/item/why_your_brain_needs_to_dream","text/html; charset=UTF-8","200","OK","5","2"
"https://www.sciencedaily.com/releases/2014/04/140415203702.htm","text/html","200","OK","5","2"
"https://pubmed.ncbi.nlm.nih.gov/19889286/","text/html; charset=iso-8859-1","302","Found","5","2"
"https://www.ncbi.nlm.nih.gov/pmc/articles/PMC6993576/","text/html; charset=iso-8859-1","302","Found","4","1"
"https://www.healthlinkbc.ca/health-topics/av2118","text/html; charset=UTF-8","302","Found","5","2"
"https://greatergood.berkeley.edu/article/item/what_types_of_kindness_will_make_you_happiest","text/html; charset=UTF-8","200","OK","5","2"
"https://www.psychologytoday.com/us/blog/worry-and-panic/201804/how-can-audio-books-boost-mental-health-were-all-ears","text/html; charset=iso-8859-1","403","Forbidden","5","2"
"https://wellness.utk.edu/sleep/","text/html; charset=UTF-8","200","OK","4","1"
"https://www.psychologytoday.com/us/blog/happiness-is-state-mind/201811/six-ways-traveling-can-boost-your-mental-health","text/html; charset=iso-8859-1","403","Forbidden","5","2"
"https://www.ncbi.nlm.nih.gov/pmc/articles/PMC4419447/","text/html; charset=iso-8859-1","302","Found","5","2"
"https://jamanetwork.com/journals/jamainternalmedicine/fullarticle/2110998","text/html","403","Forbidden","5","4"
"https://www.beckershospitalreview.com/hospital-management-administration/can-t-focus-while-working-from-home-a-neuroscientist-explains-why.html","text/html; charset=UTF-8","200","OK","5","2"
"https://www.parents.com/baby/new-parent/sleep-deprivation/new-parents-more-sleep-deprived-than-we-thought/","text/html; charset=utf-8","200","OK","5","2"
"https://pubmed.ncbi.nlm.nih.gov/29222722/","text/html; charset=iso-8859-1","302","Found","4","4"
"https://childmind.org/article/help-teenagers-get-sleep/","text/html; charset=UTF-8","200","OK","5","2"
"https://www.sleepfoundation.org/pregnancy","text/html; charset=UTF-8","200","OK","5","2"
"https://www.washington.edu/studentlife/digital-wellness-101-sr/","text/html; charset=UTF-8","200","OK","5","2"
"https://www.ncbi.nlm.nih.gov/pmc/articles/PMC6118000/","text/html; charset=iso-8859-1","302","Found","5","2"
"https://jamanetwork.com/journals/jamainternalmedicine/fullarticle/1809754","text/html","403","Forbidden","5","2"
"https://pubmed.ncbi.nlm.nih.gov/1399758/","text/html; charset=iso-8859-1","302","Found","5","2"
"https://www.youtube.com/watch?v=23FlW3fQAeQ&ab_channel=RelaxMelodies","text/html; charset=utf-8","200","OK","4","1"
"https://www.pennmedicine.org/updates/blogs/health-and-wellness/2017/july/health-risks-of-flying","text/html; charset=utf-8","200","OK","5","2"
"https://www.takingcharge.csh.umn.edu/why-its-important-master-stress","text/html; charset=UTF-8","200","OK","5","2"
"https://pubmed.ncbi.nlm.nih.gov/29854114/","text/html; charset=iso-8859-1","302","Found","5","2"
"https://www.facebook.com/bettersleep/","text/html; charset=""utf-8""","200","OK","2","918"
"https://doi.apa.org/doiLanding?doi=10.1037%2F0022-006X.62.1.130","text/html; charset=UTF-8","200","OK","5","2"
"https://ptj.uswr.ac.ir/browse.php?a_id=170&sid=1&slc_lang=en","text/html; charset=UTF-8","200","OK","4","2"
"https://www.cdc.gov/mentalhealth/learn/index.htm","text/html","200","OK","5","4"
"https://www.ncbi.nlm.nih.gov/pubmed/11958969","text/html; charset=iso-8859-1","302","Found","5","3"
"https://pubmed.ncbi.nlm.nih.gov/22258033/","text/html; charset=iso-8859-1","302","Found","5","2"
"https://www.petmd.com/dog/general-health/how-many-hours-does-dog-sleep-day","text/html; charset=UTF-8","200","OK","5","2"
"https://newsroom.clevelandclinic.org/2018/03/07/how-springing-forward-impacts-headaches/","text/html; charset=UTF-8","404","Not Found","5","2"
"https://www.ncbi.nlm.nih.gov/pmc/articles/PMC8387890/","text/html; charset=iso-8859-1","302","Found","5","2"
"https://ajph.aphapublications.org/doi/full/10.2105/AJPH.2010.192245","text/html; charset=utf-8","302","Found","5","2"
"https://www.ncbi.nlm.nih.gov/pmc/articles/PMC5500733/","text/html; charset=iso-8859-1","302","Found","5","2"
"https://twitter.com/BetterSleepRu","text/html; charset=utf-8","200","OK","3","2"
"https://pubmed.ncbi.nlm.nih.gov/17566122/","text/html; charset=iso-8859-1","302","Found","5","2"
"https://pubmed.ncbi.nlm.nih.gov/27354974/","text/html; charset=iso-8859-1","302","Found","5","2"
"https://www.ncbi.nlm.nih.gov/pmc/articles/PMC1113871/","text/html; charset=iso-8859-1","302","Found","5","2"
"https://www.sciencedirect.com/science/article/abs/pii/S0191886915003086","text/html; charset=utf-8","200","OK","5","2"
"https://www.economist.com/prospero/2020/07/14/adults-across-the-world-are-listening-to-bedtime-stories","text/html; charset=utf-8","200","OK","4","4"
"https://www.facebook.com/BetterSleepRU","text/html; charset=""utf-8""","200","OK","3","2"
"https://time.com/5603196/fever-dreams-science/","text/html; charset=utf-8","200","OK","4","2"
"https://thesleepdoctor.com/2020/03/21/why-a-regular-sleep-schedule-matters-to-your-health/","text/html; charset=UTF-8","200","OK","5","2"
"https://sleep.biomedcentral.com/articles/10.1186/s41606-017-0015-6","text/html; charset=""UTF-8""","200","OK","5","2"
"https://www.sleephealthjournal.org/article/S2352-7218(17)30041-4/fulltext","text/html; charset=utf-8","302","Found","5","2"
"https://www.ncbi.nlm.nih.gov/pmc/articles/PMC4535518/","text/html; charset=iso-8859-1","302","Found","5","4"
"https://www.sciencedirect.com/science/article/abs/pii/S0272494410001027","text/html; charset=utf-8","200","OK","5","2"
"https://www.washingtonpost.com/lifestyle/wellness/enough-sleep-mental-health-circadian/2021/04/29/b9a2a396-a91e-11eb-bca5-048b2759a489_story.html","text/html; charset=utf-8","200","OK","5","2"
"https://www.ncbi.nlm.nih.gov/pmc/articles/PMC3076923/","text/html; charset=iso-8859-1","302","Found","5","2"
"https://www.ncbi.nlm.nih.gov/pmc/articles/PMC3763921/","text/html; charset=iso-8859-1","302","Found","5","2"
"https://www.sciencedirect.com/science/article/pii/S0960982213007641","text/html; charset=utf-8","200","OK","5","2"
"https://www.ncbi.nlm.nih.gov/pmc/articles/PMC2718885/","text/html; charset=iso-8859-1","302","Found","5","2"
