"Address","Occurrences","H2-1","H2-1 Length","H2-2","H2-2 Length","Indexability","Indexability Status"
"https://www.columbusrecoverycenter.com/blog/treating-aggression-and-addiction-together-in-ohio-rehab/","2","Studies Uncover a Link Between Aggression and Addiction","55","Addressing Aggression Can Support Long-Term Addiction Recovery","62","Indexable",""
"https://www.columbusrecoverycenter.com/drugs/marijuana-addiction/treatment-rehab/","2","Is Rehab Necessary for Marijuana Addiction?","43","Marijuana Addiction Treatment Options","37","Indexable",""
"https://www.columbusrecoverycenter.com/blog/happens-smart-recovery-ohio/","2","What Is SMART Recovery?","23","How Does SMART Recovery Differ from Twelve-Step Programs?","57","Indexable",""
"https://www.columbusrecoverycenter.com/drugs/meth-addiction/withdrawal-detox/","2","Meth Withdrawal Symptoms","24","Meth Withdrawal Timeline","24","Indexable",""
"https://www.columbusrecoverycenter.com/drugs/gabapentin-addiction/symptoms-side-effects/","2","Understanding the Effects of Gabapentin Misuse","46","Short Term Side Effects of Gabapentin Misuse","44","Indexable",""
"https://www.columbusrecoverycenter.com/drugs/codeine-addiction/withdrawal-detox/","2","Codeine Withdrawal","18","Codeine Withdrawal Symptoms","27","Indexable",""
"https://www.columbusrecoverycenter.com/blog/4-reasons-find-aftercare-support/","2","Improve Your Chances of Long-Term Recovery","42","Transition Back to a Normal Routine","35","Indexable",""
"https://www.columbusrecoverycenter.com/fortitude/ptsd-treatment-for-first-responders/psychoeducation-for-ptsd/","2","What Is Psychoeducation? ","25","Psychoeducation for PTSD","24","Indexable",""
"https://www.columbusrecoverycenter.com/blog/former-ohio-state-neurosurgeon-spearheading-use-brain-imaging-addiction-treatment/","2","What Digital Imaging May Reveal about Addiction","47","Potential Future Advances in Addiction Treatment ","49","Indexable",""
"https://www.columbusrecoverycenter.com/blog/understanding-tolerance-dependence-addiction-columbus-rehab/","2","What is Drug Tolerance?","23","What is Drug Dependency? ","25","Indexable",""
"https://www.columbusrecoverycenter.com/blog/is-kratom-addictive/","1","How Addictive is Kratom?","24","","0","Indexable",""
"https://www.columbusrecoverycenter.com/drugs/opiate-addiction/symptoms-side-effects/","2","Side Effects of Opioid Use","26","Opioid and Opiate Addiction Symptoms","36","Indexable",""
"https://www.columbusrecoverycenter.com/blog/tag/aa/","1","History of AA: How Alcoholics Anonymous Sprouted in Akron","57","","0","Non-Indexable","noindex"
"https://www.columbusrecoverycenter.com/drugs/gabapentin-addiction/","2","What Is Gabapentin?","19","What Is Gabapentin Used For?","28","Indexable",""
"https://www.columbusrecoverycenter.com/blog/category/drug-rehab/","2","Neonatal Abstinence Syndrome and Ohio’s Babies","46","Understanding Percocet Addiction","32","Non-Indexable","noindex"
"https://www.columbusrecoverycenter.com/blog/high-cost-ohio-kids-addicted-parents-pay/","2","The Negative Impact Parental Addiction Has on Children","54","Emotional Impact","16","Indexable",""
"https://www.columbusrecoverycenter.com/blog/crack-addictiveness/","2","What Is Crack?","14","How Does Crack Affect the Brain?","32","Indexable",""
"https://www.columbusrecoverycenter.com/drugs/fentanyl-addiction/","2","Fentanyl Abuse in Ohio","22","What Is Fentanyl?","17","Indexable",""
"https://www.columbusrecoverycenter.com/drugs/klonopin-addiction/treatment-rehab/","2","Klonopin Addiction ","19","Klonopin Addiction Symptoms","27","Indexable",""
"https://www.columbusrecoverycenter.com/blog/dayton-sober-movement/","2","Sober Lounge Pop Up in Dayton","29","What Is the Sober Curious Movement?","35","Indexable",""
"https://www.columbusrecoverycenter.com/alcohol-addiction/gray-area-drinking/","2","Pandemic Drinking","17","Gray Area Drinking","18","Indexable",""
"https://www.columbusrecoverycenter.com/drugs/oxycontin-addiction/symptoms-side-effects/","2","Signs & Symptoms of Oxycontin Abuse","35","How To Tell if Someone is Addicted to Oxycontin","47","Indexable",""
"https://www.columbusrecoverycenter.com/recovery-blog/page/20/","2","How to Fight Food Addiction in Ohio Rehab","41","Addiction and Mental Illness: Why the Two Go Hand-in-Hand in Ohio","65","Indexable",""
"https://www.columbusrecoverycenter.com/blog/u-47700-pink/","2","What is U-47700?","16","Dangers of U-47700 (Pink)","25","Indexable",""
"https://www.columbusrecoverycenter.com/blog/things-you-might-not-know-about-buckeyes-and-opioids/","2","The Science","11","Appearance","10","Indexable",""
"https://www.columbusrecoverycenter.com/blog/xylazine-drug-abuse-in-ohio/","2","What Is Xylazine or “Tranq”?","28","Xylazine Effects on Humans","26","Indexable",""
"https://www.columbusrecoverycenter.com/blog/tag/addiction/page/3/","2","How to Find Al-Anon Meetings in Ohio","36","Do You Need a Sponsor for Addiction Recovery in Ohio?","53","Non-Indexable","noindex"
"https://www.columbusrecoverycenter.com/recovery-blog/page/11/","2","Mental Illness and Addiction a Concern for Many Veterans","56","What Happens If You Mix Vicodin and Alcohol?","44","Indexable",""
"https://www.columbusrecoverycenter.com/drugs/effexor-addiction/withdrawal-detox/","2","Effexor Withdrawal","18","Effexor Withdrawal Symptoms","27","Indexable",""
"https://www.columbusrecoverycenter.com/recovery-blog/page/12/","2","Why Combating Stigma Is Part of the Fight Against Addiction","59","Butler County, Ohio, Declared a High-Intensity Drug Trafficking Area","68","Indexable",""
"https://www.columbusrecoverycenter.com/blog/tag/addiction/page/4/","2","Gray Death Causing Serious Concern for Ohio Addicts","51","How to Deal with Anger in Ohio Rehab","36","Non-Indexable","noindex"
"https://www.columbusrecoverycenter.com/drugs/oxycodone-addiction/withdrawal-detox/","2","What Causes Oxycodone Withdrawal?","33","Oxycodone Withdrawal Symptoms","29","Indexable",""
"https://www.columbusrecoverycenter.com/blog/new-ohio-opioid-workplace-safety-program/","1","Dealing With Opioid Addiction in Recovery Centers","49","","0","Indexable",""
"https://www.columbusrecoverycenter.com/alcohol-addiction/related/alcohol-kidneys/","2","Risks of Alcohol Use On The Kidneys","35","Signs and Symptoms of Alcohol-Induced Kidney Issues","51","Indexable",""
"https://www.columbusrecoverycenter.com/notice-privacy-practice/","0","","0","","0","Indexable",""
"https://www.columbusrecoverycenter.com/blog/history-aa-alcoholics-anonymous-sprouted-akron/","2","A Man Named Bill","16","Hope Comes Unexpectedly","23","Indexable",""
"https://www.columbusrecoverycenter.com/our-team/jenna-moran/","1","Clinical Director","17","","0","Indexable",""
"https://www.columbusrecoverycenter.com/blog/tag/rehab/","2","Are Sober Houses and Halfway Houses the Same Thing?","51","Neonatal Abstinence Syndrome and Ohio’s Babies","46","Non-Indexable","noindex"
"https://www.columbusrecoverycenter.com/drugs/gabapentin-addiction/treatment-rehab/","2","Understanding Gabapentin Addiction Treatment & Rehab","52","Addiction Treatment Options","27","Indexable",""
"https://www.columbusrecoverycenter.com/recovery-blog/page/10/","2","Which Vitamins Aid Addiction Recovery?","38","Why Collaborative Care Is Needed in Addiction Treatment","55","Indexable",""
"https://www.columbusrecoverycenter.com/drugs/oxycodone-addiction/treatment-rehab/","2","Oxycodone Treatment Options","27","How Long Is Oxycodone Treatment?","32","Indexable",""
"https://www.columbusrecoverycenter.com/recovery-blog/page/15/","2","Ohio Residents Turn to Non-Opioid Pain Management Strategies","60","What is Codependency and How Can You Stop It?","45","Indexable",""
"https://www.columbusrecoverycenter.com/blog/tag/nas/","1","Can You be Born an Addict? Thousands of Ohio Babies are Every Year","66","","0","Non-Indexable","noindex"
"https://www.columbusrecoverycenter.com/drugs/ecstasy-addiction/withdrawal-detox/","2","Understanding Ecstasy Withdrawal and Detox","42","Ecstasy Withdrawal Symptoms","27","Indexable",""
"https://www.columbusrecoverycenter.com/recovery-blog/page/16/","2","Ohio Residents Ask: Are Anabolic Steroids Addictive?","52","5 Common Types of Behavioral Addiction","38","Indexable",""
"https://www.columbusrecoverycenter.com/blog/ohio-residents-ask-will-i-be-bored-in-rehab/","2","Is Boredom Bad?","15","Boredom Does Happen in Early Sobriety","37","Indexable",""
"https://www.columbusrecoverycenter.com/blog/substance-abuse-domestic-violence-volatile-mix-ohio/","2","Domestic Violence","17","Drug Abuse","10","Indexable",""
"https://www.columbusrecoverycenter.com/recovery-blog/page/13/","2","How to Handle a Friend’s Recurrence of Drug Use","47","How to Use Yoga in Addiction Recovery","37","Indexable",""
"https://www.columbusrecoverycenter.com/recovery-blog/page/14/","2","Heroin Withdrawal: What to Expect","33","Understanding Percocet Addiction","32","Indexable",""
"https://www.columbusrecoverycenter.com/blog/tag/overdose/","1","Narcan: Compass to Healing or Crutch in Addiction?","50","","0","Non-Indexable","noindex"
"https://www.columbusrecoverycenter.com/blog/xanax-and-norco/","2","The Dangers of Mixing Norco and Xanax","37","If You Take Norco and Xanax, What Happens?","42","Indexable",""
"https://www.columbusrecoverycenter.com/blog/can-your-employer-force-you-to-take-a-drug-test/","2","Why Do Employers Test for Drugs?","32","Do You Have to Take a Drug Test?","32","Indexable",""
"https://www.columbusrecoverycenter.com/blog/heroin-wrecks-body-ohio/","2","Short-Term Effects of Heroin Use","32","Long-Term Effects of Heroin Use","31","Indexable",""
"https://www.columbusrecoverycenter.com/blog/kratom-and-alcohol/","2","Is it Safe to Mix Kratom and Alcohol?","37","Dangers of Mixing Alcohol and Kratom","36","Indexable",""
"https://www.columbusrecoverycenter.com/recovery-blog/page/19/","2","How to Handle Stress without Drugs and Alcohol","46","Understanding Tolerance, Dependence, and Addiction in Columbus Rehab","68","Indexable",""
"https://www.columbusrecoverycenter.com/blog/narcan-carried-delta-flights-after-passenger-opiate-overdose/","2","Delta Airline Passenger Dies from Apparent Opiate Overdose","58","Signs of An Opiate Overdose","27","Indexable",""
"https://www.columbusrecoverycenter.com/drugs/vicodin-addiction/","2","Vicodin Abuse in Ohio","21","How Vicodin Addiction Happens","29","Indexable",""
"https://www.columbusrecoverycenter.com/blog/how-long-does-percocet-stay-in-your-system/","2","What Is Percocet Used For?","26","How Percocet Works","18","Indexable",""
"https://www.columbusrecoverycenter.com/recovery-blog/page/17/","2","Heavy Alcohol Abuse and DTs: What Ohio Drinkers Should Know","59","Stimulants Abuse and the Matrix Model: How It Works in Ohio Drug Rehab","70","Indexable",""
"https://www.columbusrecoverycenter.com/blog/fentanyl-cocaine-nightmare-mix/","2","Fentanyl and Cocaine","20","Ohio’s Nightmare Increases","26","Indexable",""
"https://www.columbusrecoverycenter.com/recovery-blog/page/18/","2","Reduce Dementia Risk in Ohio Alcohol Rehab","42","Gabapentin Abuse in Ohio: What You Should Know","46","Indexable",""
"https://www.columbusrecoverycenter.com/blog/gambling-addiction-childhood-trauma-ohio-residents-know/","2","Childhood Trauma and Gambling Addiction in Adults","49","Addiction Treatment for Co-Occurring Disorders","46","Indexable",""
"https://www.columbusrecoverycenter.com/blog/sober-halloween/","2","Spend Time with Sober Friends","29","Attend Kid-Friendly Activities","30","Indexable",""
"https://www.columbusrecoverycenter.com/teen-addiction-resources/","2","Why Do Teens Struggle With Substance Abuse?","43","Teen Substance Abuse Statistics","31","Indexable",""
"https://www.columbusrecoverycenter.com/editorial/kate-dube/","1","","0","","0","Indexable",""
"https://www.columbusrecoverycenter.com/alcohol-addiction/related/alcohol-schizophrenia/","2","Link Between Alcohol and Schizophrenia","38","Effects of Drinking Alcohol for a Person With Schizophrenia","59","Indexable",""
"https://www.columbusrecoverycenter.com/blog/tag/addiction/page/2/","2","How to Use Yoga in Addiction Recovery","37","Understanding and Achieving Emotional Sobriety after Rehab","58","Non-Indexable","noindex"
"https://www.columbusrecoverycenter.com/blog/what-is-meloxicam/","2","What is Meloxicam Used For?","27","How Does Meloxicam Work?","24","Indexable",""
"https://www.columbusrecoverycenter.com/blog/ohio-sober-houses-work/","2","Sober Houses Offer a Continuing Care Option","43","Treatment is One Call Away ","27","Indexable",""
"https://www.columbusrecoverycenter.com/blog/understanding-marijuana-laws-in-ohio/","2","Laws Regarding Marijuana in Ohio","32","Possible Effects of Marijuana Legalization on Those with Marijuana Dependency","77","Indexable",""
"https://www.columbusrecoverycenter.com/about-youngstown-ohio/","2","History of Youngstown","21","Youngstown Climate","18","Indexable",""
"https://www.columbusrecoverycenter.com/blog/category/drug-rehab/page/5/","2","4 Benefits of Ohio Drug Rehab","29","Ohio Couple Turn to Activism after Devastating Opioid Losses","60","Non-Indexable","noindex"
"https://www.columbusrecoverycenter.com/blog/category/drug-rehab/page/4/","2","Using Alcohol to Ease Chronic Pain? Why It’s a Bad Idea in Ohio","63","Developing Self-Awareness in Ohio Drug Rehab","44","Non-Indexable","noindex"
"https://www.columbusrecoverycenter.com/fortitude/ptsd-treatment-for-first-responders/motivational-interviewing/","2","What Is Motivational Interviewing?","34","Motivational Interviewing for PTSD","34","Indexable",""
"https://www.columbusrecoverycenter.com/our-team/tiffany-bell/","1","Medical Director","16","","0","Indexable",""
"https://www.columbusrecoverycenter.com/blog/category/drug-rehab/page/3/","2","Dayton Drug Data Reveals Disturbing Trends in Montgomery County","63","Crack Use on the Rise: What Cincinnati Residents Should Know","60","Non-Indexable","noindex"
"https://www.columbusrecoverycenter.com/drugs/percocet-addiction/","2","What is Percocet?","17","What Does Percocet Do?","22","Indexable",""
"https://www.columbusrecoverycenter.com/blog/category/drug-rehab/page/2/","2","Why Does Peer Support Work in Ohio Addiction Treatment?","55","Employees Ask: Should I Tell My Employer I Have a Substance Abuse Disorder?","75","Non-Indexable","noindex"
"https://www.columbusrecoverycenter.com/blog/deal-anger-ohio-rehab/","2","Getting Sober Uncovers Pain that Drugs and Alcohol Numb","55","Shouting and Punching a Pillow are as Damaging as Suppression","61","Indexable",""
"https://www.columbusrecoverycenter.com/blog/drug-use-surge-during-pandemic/","2","The Millennium Report Shows Spike in Illicit Drug Use in Ohio During Pandemic","77","Drug Overdose Rates Rising in Ohio","34","Indexable",""
"https://www.columbusrecoverycenter.com/fortitude/ptsd-treatment-for-first-responders/cpt/","2","What Is Cognitive Processing Therapy?","37","Cognitive Processing Therapy for PTSD","37","Indexable",""
"https://www.columbusrecoverycenter.com/blog/what-is-narcan-naloxone/","2","Narcan Uses","11","Opioid Overdose Dangers and Narcan Effectiveness","48","Indexable",""
"https://www.columbusrecoverycenter.com/drugs/cocaine-addiction/withdrawal-detox/","2","What To Expect During Withdrawal","32","Cocaine Withdrawal Timeline","27","Indexable",""
"https://www.columbusrecoverycenter.com/blog/cdc-overdose-report-2018/","2","Areas Most Impacted by Drug Overdoses","37","How Did the Opioid Epidemic Arise?","34","Indexable",""
"https://www.columbusrecoverycenter.com/blog/patient-treatment-necessary-ohio-heroin-addicts/","2","#1: There Is a Large Volume of Heroin in Your System or You Are a Long-Time User","80","#2: You Have Limited Access to Support at Home","46","Indexable",""
"https://www.columbusrecoverycenter.com/blog/ohio-couple-turn-activism-devastating-opioid-losses/","2","A Family Tragedy","16","Turning Grief Into Activism","27","Indexable",""
"https://www.columbusrecoverycenter.com/blog/happens-job/","2","What Ohio Drug Rehab Options are Available?","43","What Should You Expect When You Return to Work?","47","Indexable",""
"https://www.columbusrecoverycenter.com/recovery-blog/cuyahoga-county-test-detects-fentanyl/","2","Using Fentanyl With Other Drugs","31","Fentanyl Use in Ohio","20","Indexable",""
"https://www.columbusrecoverycenter.com/blog/addiction-trends-ohio-seniors-with-suds-on-the-rise/","2","Why Are Seniors Getting Hooked on Opioids?","42","Where Can Elderly Opioid Addicts Go For Help?","45","Indexable",""
"https://www.columbusrecoverycenter.com/blog/achieving-emotional-sobriety-after-rehab/","2","What is Sobriety?","17","Achieving Emotional Sobriety","28","Indexable",""
"https://www.columbusrecoverycenter.com/fortitude/","2","What Fortitude Can Help With","28","Who Fortitude Is For","20","Indexable",""
"https://www.columbusrecoverycenter.com/blog/long-term-effects-of-kratom-on-body/","2","Effects of Long-Term Kratom Use","31","Research on the Long-Term Effects of Kratom","43","Indexable",""
"https://www.columbusrecoverycenter.com/blog/tramadol-and-alcohol/","2","Side Effects of Using Tramadol and Alcohol Together","51","Tramadol Withdrawal and Alcohol","31","Indexable",""
"https://www.columbusrecoverycenter.com/blog/what-is-lifering-and-how-does-it-help-ohio-addicts/","2","What is LifeRing?","17","What Happens in a LifeRing Meeting?","35","Indexable",""
"https://www.columbusrecoverycenter.com/blog/category/addiction/","2","Adderall and Alcohol","20","How Long Does Cocaine Stay in Your System?","42","Non-Indexable","noindex"
"https://www.columbusrecoverycenter.com/blog/does-codeine-show-up-in-a-drug-test/","2","What Is Codeine?","16","Does Codeine Show Up in a Drug Test?","36","Indexable",""
"https://www.columbusrecoverycenter.com/blog/how-long-does-kratom-high-last/","2","What Is Kratom Used For?","24","How Is Kratom Taken?","20","Indexable",""
"https://www.columbusrecoverycenter.com/blog/a-look-at-ohios-drug-and-human-trafficking-problem/","2","The Problems of Human and Drug Trafficking","42","Why It Is Hard to Stop Human Trafficking","40","Indexable",""
"https://www.columbusrecoverycenter.com/depression-resource-guide/","2","Mental Health Organizations","27","Resources for Children and Young Adults","39","Indexable",""
"https://www.columbusrecoverycenter.com/alcohol-addiction/related/alcohol-and-brain-damage/","2","Ways Alcohol-Use Damages the Brain","34","Signs of Alcohol-Induced Brain Damage","37","Indexable",""
"https://www.columbusrecoverycenter.com/blog/tag/opioid-overdose/","2","Is Rapid Detox Safe in Ohio Drug Rehab?","39","Schools Stock Narcan in Response to Ohio Opioid Epidemic","56","Non-Indexable","noindex"
"https://www.columbusrecoverycenter.com/recovery-blog/page/23/","2","Ohio Addicts Straining Emergency Rooms across the State","55","Is In-Patient Treatment Necessary for Ohio Heroin Addicts?","58","Indexable",""
"https://www.columbusrecoverycenter.com/drugs/opiate-addiction/treatment-rehab/","2","Evidence-Based Treatment for Opioid Addiction","45","The Opioid Addiction Treatment Process","38","Indexable",""
"https://www.columbusrecoverycenter.com/ohio-rehab/monroe/","2","Drug & Alcohol Rehab Centers in Monroe, Ohio","44","The Recovery Village Columbus","29","Indexable",""
"https://www.columbusrecoverycenter.com/blog/meth-replaces-opioid-addiction-west-virginia-town/","2","Meth Prices Fall, Addiction Rises","33","Meth vs. Opioid Addiction","25","Indexable",""
"https://www.columbusrecoverycenter.com/treatment-programs/medical-detox/","2","What is Medical Detox?","22","Medically Detox from Drugs & Alcohol at The Recovery Village Columbus","69","Indexable",""
"https://www.columbusrecoverycenter.com/blog/meth-mixed-with-fentanyl/","2","The Impact of Meth Misuse","25","Meth and Fentanyl: A Dangerous Combination","42","Indexable",""
"https://www.columbusrecoverycenter.com/blog/salvia-abuse-treatment/","2","Is Salvia Addictive?","20","Signs of Salvia Abuse","21","Indexable",""
"https://www.columbusrecoverycenter.com/recovery-blog/page/21/","2","Fentanyl and Cocaine: A Nightmare Mix in Ohio","45","Ohio Dept. of Higher Education Considering Adding Substance Abuse Prevention to Curriculum","90","Indexable",""
"https://www.columbusrecoverycenter.com/blog/salvia-abuse-symptoms-and-side-effects/","2","Side Effects of Salvia","22","Long-Term Effects of Salvia Use","31","Indexable",""
"https://www.columbusrecoverycenter.com/drugs/suboxone-addiction/","2","Is Suboxone Addictive?","22","Understanding Suboxone","22","Indexable",""
"https://www.columbusrecoverycenter.com/blog/collaborative-care/","1","Why Is Collaborative Care Needed?","33","","0","Indexable",""
"https://www.columbusrecoverycenter.com/blog/spice-dangerous-ohio-residents/","2","Spice Contains an Unpredictable Blend of Chemicals and Plant Materials","70","The Chemicals in Spice Overload Cannabis Receptors","50","Indexable",""
"https://www.columbusrecoverycenter.com/recovery-blog/page/22/","2","What Happens in SMART Recovery in Ohio?","39","Ohio Employers Grappling with Addiction in the Workplace","56","Indexable",""
"https://www.columbusrecoverycenter.com/blog/handle-stress-without-drugs-alcohol/","2","Detach Yourself from the Source of Stress","41","Get Moving","10","Indexable",""
"https://www.columbusrecoverycenter.com/drugs/hydrocodone-addiction/symptoms-side-effects/","2","Hydrocodone Addiction Symptoms","30","Long-Term Side Effects of Hydrocodone","37","Indexable",""
"https://www.columbusrecoverycenter.com/blog/can-gaming-addiction-treated/","2","Dopamine = Continous Rewards for the Brain","42","Is It Really an Addiction?","26","Indexable",""
"https://www.columbusrecoverycenter.com/blog/butler-county-drug-trafficking/","2","High-Intensity Drug Trafficking","31","Trafficking in Butler County","28","Indexable",""
"https://www.columbusrecoverycenter.com/blog/is-kratom-legal/","2","What is Kratom","14","What is Kratom’s Legal Status in the United States?","51","Indexable",""
"https://www.columbusrecoverycenter.com/drugs/amphetamines-addiction/symptoms-side-effects/","2","What Causes Addiction to Amphetamines?","38","Symptoms of Amphetamine Abuse","29","Indexable",""
"https://www.columbusrecoverycenter.com/drugs/oxycontin-addiction/treatment-rehab/","2","Importance of Drug Treatment","28","Rehab for OxyContin Addiction","29","Indexable",""
"https://www.columbusrecoverycenter.com/blog/supporting-employees-with-bipolar-disorder/","2","What Is Bipolar Disorder?","25","Legal Considerations","20","Indexable",""
"https://www.columbusrecoverycenter.com/ohio-rehab/springfield/","2","Drug & Alcohol Rehab Centers in Springfield, Ohio","49","The Recovery Village Columbus","29","Indexable",""
"https://www.columbusrecoverycenter.com/drugs/hydrocodone-addiction/","2","Hydrocodone Abuse in Ohio","25","How Hydrocodone Addiction Happens","33","Indexable",""
"https://www.columbusrecoverycenter.com/drugs/klonopin-addiction/withdrawal-detox/","2","Klonopin Withdrawal","19","Klonopin Withdrawal Timeline","28","Indexable",""
"https://www.columbusrecoverycenter.com/alcohol-addiction/related/alcohol-withdrawal-treatment-home/","2","Risks of Alcohol Withdrawal at Home","35","Alcohol Withdrawal Timeline","27","Indexable",""
"https://www.columbusrecoverycenter.com/editorial/columbus/","1","","0","","0","Indexable",""
"https://www.columbusrecoverycenter.com/blog/snorting-norco/","2","What Are the Effects of Snorting Norco?","39","Is Snorting Norco Dangerous?","28","Indexable",""
"https://www.columbusrecoverycenter.com/blog/ohio-residents-ask-can-i-join-the-military-after-addiction-treatment/","2","The Military’s Guidelines Around Substance Dependency","53","Getting a Waiver","16","Indexable",""
"https://www.columbusrecoverycenter.com/alcohol-addiction/related/","0","","0","","0","Indexable",""
"https://www.columbusrecoverycenter.com/drugs/cocaine-addiction/treatment-rehab/","2","Cocaine Addiction Treatment in Ohio","35","How Much Does Cocaine Addiction Treatment Cost?","47","Indexable",""
"https://www.columbusrecoverycenter.com/about-springfield-ohio/","2","History of Springfield","22","Springfield Climate","19","Indexable",""
"https://www.columbusrecoverycenter.com/blog/category/drug-rehab/page/8/","2","How to Deal with Anger in Ohio Rehab","36","Driving Under the Influence of Opioids: What Ohio Residents Should Know","71","Non-Indexable","noindex"
"https://www.columbusrecoverycenter.com/outreach/dwight-thompson/","1","Community Outreach Director","27","","0","Indexable",""
"https://www.columbusrecoverycenter.com/blog/category/drug-rehab/page/7/","2","Fentanyl and Cocaine: A Nightmare Mix in Ohio","45","Ohio Dept. of Higher Education Considering Adding Substance Abuse Prevention to Curriculum","90","Non-Indexable","noindex"
"https://www.columbusrecoverycenter.com/blog/tag/withdrawal/","1","Can You be Born an Addict? Thousands of Ohio Babies are Every Year","66","","0","Non-Indexable","noindex"
"https://www.columbusrecoverycenter.com/blog/category/drug-rehab/page/6/","2","Dealing with PAWS after Ohio Drug Rehab","39","Ohio County Court Recognizes Link between Addiction and Mental Illness","70","Non-Indexable","noindex"
"https://www.columbusrecoverycenter.com/blog/guide-to-court-ordered-addiction-treatment/","2","What Is Court-Ordered Addiction Treatment?","42","Why Do Courts Order Treatment?","30","Indexable",""
"https://www.columbusrecoverycenter.com/admissions/","2","Step 1: What We'll Ask","22","Step 2: We'll Guide You Through Your Insurance Options","54","Indexable",""
"https://www.columbusrecoverycenter.com/blog/will-changes-medicaid-affect-ohio-drug-rehab-patients/","2","What This Means for Ohioans","27","How it Affects Ohio Drug Rehab","30","Indexable",""
"https://www.columbusrecoverycenter.com/blog/deal-addicted-spouse-ohio/","2","Marriage + Addiction=Harder Challenges","38","Your Spouse Has an Addiction: What Should You Do?","49","Indexable",""
"https://www.columbusrecoverycenter.com/admissions/pricing/no-insurance/","2","How to Find Rehab Treatment","27","Teletherapy or Online Rehab","27","Indexable",""
"https://www.columbusrecoverycenter.com/recovery-blog/page/3/","2","What are the Long-Term Effects of Marijuana Use?","48","Marijuana Use Increases Chances of Prostate or Testicular Cancer, Studies Find","78","Indexable",""
"https://www.columbusrecoverycenter.com/blog/what-is-the-kindling-effect/","2","What Is the Kindling Effect?","28","What Can You Do About the Kindling Effect?","42","Indexable",""
"https://www.columbusrecoverycenter.com/drugs/gabapentin-addiction/withdrawal-detox/","2","How Long Does Gabapentin Stay in Your System?","45","Gabapentin Half-life","20","Indexable",""
"https://www.columbusrecoverycenter.com/recovery-blog/page/4/","2","Supporting Employees with Bipolar Disorder","42","How COVID Impacts OCD Intrusive Thoughts","40","Indexable",""
"https://www.columbusrecoverycenter.com/ohio-rehab/middletown/","2","Drug & Alcohol Rehab Centers in Middletown, Ohio","48","The Recovery Village Columbus","29","Indexable",""
"https://www.columbusrecoverycenter.com/blog/ohio-addicts-straining-emergency-rooms-across-state/","2","Opioid-Related Addiction and Overdose Spike in Ohio","51","Ohio Takes on Big Pharma","24","Indexable",""
"https://www.columbusrecoverycenter.com/blog/is-willpower-enough-to-fight-addiction/","2","Why Is Addiction Tough to Beat with Willpower Alone?","52","Addiction Treatment Is the Way Out","34","Indexable",""
"https://www.columbusrecoverycenter.com/about/","2","Our Drug & Alcohol Rehab Facility","33","Why Choose Us","13","Indexable",""
"https://www.columbusrecoverycenter.com/recovery-blog/page/5/","2","Celebrating National Recovery Month in Ohio","43","Free Online Meeting Platform for Recovery Support Groups Now Available","70","Indexable",""
"https://www.columbusrecoverycenter.com/students/which-substances-do-ohio-students-use/","2","Prescription Stimulants","23","Ecstasy","7","Indexable",""
"https://www.columbusrecoverycenter.com/recovery-blog/page/7/","2","Is Kratom Addictive?","20","How Long Does Methadone Stay in Your System?","44","Indexable",""
"https://www.columbusrecoverycenter.com/blog/columbus-crack-addiction-rise/","2","Who are the Typical Crack Users in Columbus?","44","How Does Crack Use and Availability Compare to Powdered Cocaine and Opioids?","76","Indexable",""
"https://www.columbusrecoverycenter.com/recovery-blog/page/6/","2","Recovering Addict Encourages Missouri Schools to Keep Narcan Onsite","67","Ohio Opioid Addiction Crisis Fueled by Cardinal Health Distribution of a Billion Pills in Eight Years","101","Indexable",""
"https://www.columbusrecoverycenter.com/blog/should-pharma-pay-opioid-epidemic/","2","The Cost of the Opioid Epidemic","31","Drug Companies and the Opioid Epidemic","38","Indexable",""
"https://www.columbusrecoverycenter.com/recovery-blog/page/8/","2","How Long Do Opiates Stay in Your System?","40","What Is the Timeline for Alcohol Withdrawal?","44","Indexable",""
"https://www.columbusrecoverycenter.com/veterans/","2","Crisis Lines for Veterans","25","Resources for Female Veterans","29","Indexable",""
"https://www.columbusrecoverycenter.com/recovery-blog/page/9/","2","Why Avoiding Sugar in Addiction Treatment Is Beneficial","55","Does Spiritually-Based Addiction Treatment Work?","48","Indexable",""
"https://www.columbusrecoverycenter.com/treatment-programs/partial-hospitalization/","2","What Is Partial Hospitalization?","32","Who Needs Partial Hospitalization Programming?","46","Indexable",""
"https://www.columbusrecoverycenter.com/blog/understanding-ohio-drug-courts/","1","Ohio Drug Rehab – Court-Ordered Treatment","41","","0","Indexable",""
"https://www.columbusrecoverycenter.com/drugs/kratom-addiction/symptoms-side-effects/","2","Side Effects of Kratom","22","Long-Term Side Effects of Kratom Use","36","Indexable",""
"https://www.columbusrecoverycenter.com/drugs/oxycodone-addiction/symptoms-side-effects/","2","How Do You Get Addicted to Oxycodone?","37","Symptoms of Oxycodone Abuse","27","Indexable",""
"https://www.columbusrecoverycenter.com/blog/help-pregnant-women-ohio-addiction-recovery/","2","Consequences of Drug Use During Pregnancy","41","Unique Needs of Pregnant Women","30","Indexable",""
"https://www.columbusrecoverycenter.com/blog/ohioans-know-crack-detox/","2","Understanding Crack Withdrawal","30","Why You Cannot Quit “Cold Turkey”","33","Indexable",""
"https://www.columbusrecoverycenter.com/drugs/tramadol-addiction/","2","What is Tramadol?","17","Is Tramadol Addictive?","22","Indexable",""
"https://www.columbusrecoverycenter.com/blog/alcohol-detox-dangerous-to-do-alone/","2","What Are the Symptoms of Alcohol Withdrawal?","44","Why is Alcohol Detox Dangerous Without Medical Intervention?","60","Indexable",""
"https://www.columbusrecoverycenter.com/alcohol-addiction/related/alcohol-recovery-diet/","2","Effects of Alcohol Addiction on Diet","36","Diet During Alcohol Recovery","28","Indexable",""
"https://www.columbusrecoverycenter.com/editorial/erika-krull/","1","","0","","0","Indexable",""
"https://www.columbusrecoverycenter.com/editorial/melissa-carmona/","1","","0","","0","Indexable",""
"https://www.columbusrecoverycenter.com/blog/common-barriers-addiction-treatment/","2","Barriers to Addiction Treatment in Ohio","39","Where Can Ohio Residents Turn For Help?","39","Indexable",""
"https://www.columbusrecoverycenter.com/drugs/heroin-addiction/","2","Heroin Abuse in Ohio","20","The Beginning of Heroin Addiction","33","Indexable",""
"https://www.columbusrecoverycenter.com/blog/study-launched-genetic-markers-addiction/","2","$1.6M Study Launched Into Genetic Markers & Addiction","53","Is Addiction Genetic?","21","Indexable",""
"https://www.columbusrecoverycenter.com/blog/category/uncategorized/page/9/","2","Can You be Born an Addict? Thousands of Ohio Babies are Every Year","66","Schools Stock Narcan in Response to Ohio Opioid Epidemic","56","Non-Indexable","noindex"
"https://www.columbusrecoverycenter.com/ohio-rehab/dayton/","2","Drug & Alcohol Rehab Centers in Dayton, Ohio","44","The Recovery Village Columbus","29","Indexable",""
"https://www.columbusrecoverycenter.com/drugs/","2","Addictive Drugs","15","Ohio Drug Use: Why Is It on the Rise?","37","Indexable",""
"https://www.columbusrecoverycenter.com/blog/category/uncategorized/page/8/","2","How to Identify Klonopin Addiction","34","Mental Illness and Addiction a Concern for Many Veterans","56","Non-Indexable","noindex"
"https://www.columbusrecoverycenter.com/drugs/fentanyl-addiction/overdose/","2","Why Is Fentanyl So Dangerous?","29","Fentanyl Overdose","17","Indexable",""
"https://www.columbusrecoverycenter.com/blog/category/uncategorized/page/7/","2","How a Victim Mentality Impacts Addiction Recovery","49","Which Vitamins Aid Addiction Recovery?","38","Non-Indexable","noindex"
"https://www.columbusrecoverycenter.com/recovery-blog/page/2/","2","What Is Vivitrol?","17","How Ohio Is Combating the Opioid Crisis","39","Indexable",""
"https://www.columbusrecoverycenter.com/drugs/suboxone-addiction/symptoms-side-effects/","2","Suboxone Side Effects – Short Term","34","Suboxone Side Effects – Long Term","33","Indexable",""
"https://www.columbusrecoverycenter.com/drugs/cocaine-addiction/related/cocaine-nose/","2","Snorting Cocaine","16","What Is Cocaine Nose?","21","Indexable",""
"https://www.columbusrecoverycenter.com/blog/category/uncategorized/page/6/","2","Xanax and Norco","15","What Is Meloxicam?","18","Non-Indexable","noindex"
"https://www.columbusrecoverycenter.com/blog/category/uncategorized/page/5/","2","Salvia Addiction Symptoms, Signs and Side Effects","49","The Dangers of Using Kratom Regularly","37","Non-Indexable","noindex"
"https://www.columbusrecoverycenter.com/treatment-programs/multidisciplinary-approach/","2","What Is the Multidisciplinary Approach?","39","Who Needs Multidisciplinary Treatment?","38","Indexable",""
"https://www.columbusrecoverycenter.com/blog/how-ohio-is-combating-the-opioid-crisis/","2","New Ohio Initiatives","20","How The Recovery Village Can Help","33","Indexable",""
"https://www.columbusrecoverycenter.com/blog/finding-addiction-treatment-through-eap-programs/","2","Obstacles to Treatment","22","What Are EAPs?","14","Indexable",""
"https://www.columbusrecoverycenter.com/blog/category/uncategorized/page/4/","2","Narcan To Be Carried on Delta Flights After Passenger Opiate Overdose","69","Meth Epidemic Grows Under the Radar Due to Marijuana Legalization & Opioid Crisis","81","Non-Indexable","noindex"
"https://www.columbusrecoverycenter.com/admissions/insurance/","2","Will My Health Insurance Plan Cover the Cost of My Treatment?","61","The Affordable Care Act and Substance Use Disorders","51","Indexable",""
"https://www.columbusrecoverycenter.com/blog/in-network-anthem-blue-cross-blue-shield/","2","Coverage Can Make a Difference","30","Treatment Designed for Life-Long Recovery","41","Indexable",""
"https://www.columbusrecoverycenter.com/blog/category/uncategorized/page/3/","2","Free Online Meeting Platform for Recovery Support Groups Now Available","70","Dayton Sober Lounge Part of Sober Curious Movement","50","Non-Indexable","noindex"
"https://www.columbusrecoverycenter.com/alcohol-addiction/related/alcohol-dieting/","2","Ways Alcohol Can Affect a Diet","30","Alcohol Use and Diet Pills","26","Indexable",""
"https://www.columbusrecoverycenter.com/blog/category/uncategorized/page/2/","2","Supporting Employees with Bipolar Disorder","42","How COVID Impacts OCD Intrusive Thoughts","40","Non-Indexable","noindex"
"https://www.columbusrecoverycenter.com/blog/category/addiction/page/4/","2","Is Neurofeedback an Effective Tool For Addiction Recovery?","58","Why Combating Stigma Is Part of the Fight Against Addiction","59","Non-Indexable","noindex"
"https://www.columbusrecoverycenter.com/blog/category/addiction/page/5/","2","How to Handle a Friend’s Recurrence of Drug Use","47","How to Use Yoga in Addiction Recovery","37","Non-Indexable","noindex"
"https://www.columbusrecoverycenter.com/blog/identify-and-treat-a-valium-overdose/","2","What Is Valium?","15","Valium Use Disorder","19","Indexable",""
"https://www.columbusrecoverycenter.com/blog/category/addiction/page/6/","2","How to Find Support for Mental Illness and Substance Abuse in the Ohio LGBT Community","85","Should Ohio Moms-to-Be Smoke Pot?","33","Non-Indexable","noindex"
"https://www.columbusrecoverycenter.com/blog/medicine-jail-help-inmates-addiction/","2","What Is Medication-Assisted Treatment?","38","Will Medication Help Inmates?","29","Indexable",""
"https://www.columbusrecoverycenter.com/editorial/jessica-pyhtila/","1","","0","","0","Indexable",""
"https://www.columbusrecoverycenter.com/blog/are-12-step-programs-really-effective-in-ohio/","2","What Are 12-Step Programs?","26","What Are the Benefits and Drawbacks of 12-Step Programs?","56","Indexable",""
"https://www.columbusrecoverycenter.com/blog/category/addiction/page/7/","2","Ohio County Offers Vivitrol to Inmates to Fight Opioid Crisis","61","The High Cost Ohio Kids with Addicted Parents Pay","49","Non-Indexable","noindex"
"https://www.columbusrecoverycenter.com/drugs/trazodone-addiction/symptoms-side-effects/","2","Signs of Trazodone Abuse","24","Side Effects of Trazodone Abuse","31","Indexable",""
"https://www.columbusrecoverycenter.com/blog/why-is-family-therapy-important-in-ohio-drug-rehab/","2","What is Family Therapy?","23","Why is Family Therapy Beneficial?","33","Indexable",""
"https://www.columbusrecoverycenter.com/drugs/effexor-addiction/","2","Understanding Effexor","21","What Is Effexor?","16","Indexable",""
"https://www.columbusrecoverycenter.com/blog/how-does-an-ohio-arise-intervention-work/","2","What Is an ARISE Intervention?","30","Intervention is Just the First Step to Recovery","47","Indexable",""
"https://www.columbusrecoverycenter.com/blog/whats-ohioans-know-opioids-hearing-loss/","2","Understanding the Connection","28","Getting Help","12","Indexable",""
"https://www.columbusrecoverycenter.com/ohio-rehab/cincinnati/","2","Drug & Alcohol Rehab Centers in Cincinnati, Ohio","48","The Recovery Village Columbus","29","Indexable",""
"https://www.columbusrecoverycenter.com/blog/category/addiction/page/2/","2","Xylazine: What Is It & How Is It Affecting Ohio?","48","Prepping for the Holidays in Treatment or Recovery","50","Non-Indexable","noindex"
"https://www.columbusrecoverycenter.com/blog/how-to-find-al-anon-meetings-in-ohio/","2","What is Al-Anon?","16","How Does Al-Anon Differ from AA?","32","Indexable",""
"https://www.columbusrecoverycenter.com/blog/category/addiction/page/3/","2","New Ohio Study Aims to Answer: Is Addiction Genetic?","52","Quick Guide to Court-Ordered Addiction Treatment","48","Non-Indexable","noindex"
"https://www.columbusrecoverycenter.com/alcohol-addiction/related/alcohol-blood-sugar/","2","Does Alcohol Raise Blood Sugar?","31","Does Alcohol Lower Blood Sugar?","31","Indexable",""
"https://www.columbusrecoverycenter.com/drugs/kratom-addiction/treatment-rehab/","2","Understanding Kratom Abuse","26","Kratom Withdrawal Treatment","27","Indexable",""
"https://www.columbusrecoverycenter.com/blog/ativan-addiction-what-ohio-residents-should-know/","2","What Is Ativan?","15","The Symptoms of Ativan Abuse","28","Indexable",""
"https://www.columbusrecoverycenter.com/blog/stds-rise-with-increased-drug-abuse/","2","The CDC Report","14","People Are Having Riskier Sex","29","Indexable",""
"https://www.columbusrecoverycenter.com/ohio-rehab/akron/","2","Drug & Alcohol Rehab Centers in Akron, Ohio","43","The Recovery Village Columbus","29","Indexable",""
"https://www.columbusrecoverycenter.com/alcohol-addiction/related/alcohol-seizures/","2","Ways Alcohol Can Cause Seizures","31","Prevention of Alcohol-Induced Seizure Problems","46","Indexable",""
"https://www.columbusrecoverycenter.com/blog/rock-bottom-myth/","2","Where Is the Bottom?","20","Addiction Treatment Can Help at Any Point During Addiction","58","Indexable",""
"https://www.columbusrecoverycenter.com/blog/tag/narcan/","2","Schools Stock Narcan in Response to Ohio Opioid Epidemic","56","Narcan: Compass to Healing or Crutch in Addiction?","50","Non-Indexable","noindex"
"https://www.columbusrecoverycenter.com/blog/exploring-the-four-pillars-of-successful-long-term-addiction-recovery/","2","What Are the Four Pillars of Addiction Recovery?","48","Ensuring Long-Term Health","25","Indexable",""
"https://www.columbusrecoverycenter.com/blog/cognitive-behavioral-therapy-work-ohio-drug-rehab/","2","What is Cognitive Behavioral Therapy?","37","What is a CBT Session Like?","27","Indexable",""
"https://www.columbusrecoverycenter.com/cdn-cgi/l/email-protection","1","You are unable to access this email address columbusrecoverycenter.com","70","","0","Non-Indexable","noindex"
"https://www.columbusrecoverycenter.com/marijuana-abuse-resources/","0","","0","","0","Indexable",""
"https://www.columbusrecoverycenter.com/blog/support-your-loved-ones-recovery/","2","The Importance of Support in Recovery","37","Ways To Support a Loved One in Recovery","39","Indexable",""
"https://www.columbusrecoverycenter.com/blog/columbus-police-to-help-human-trafficking-victims/","2","Problems With the Former Vice Unit","34","Sex Trafficking in Ohio","23","Indexable",""
"https://www.columbusrecoverycenter.com/drugs/cocaine-addiction/symptoms-side-effects/","2","Immediate or Short-Term Effects of Cocaine Use","46","Cocaine-Related Damage to the Mouth & Nose","42","Indexable",""
"https://www.columbusrecoverycenter.com/recovery-blog/","2","Adderall and Alcohol","20","How Long Does Cocaine Stay in Your System?","42","Indexable",""
"https://www.columbusrecoverycenter.com/alcohol-addiction/","2","Why is Alcohol Addictive?","25","What is the Difference between Alcohol Abuse and Addiction?","59","Indexable",""
"https://www.columbusrecoverycenter.com/drugs/valium-addiction/","2","What Is Valium Used For?","24","Is Valium Addictive?","20","Indexable",""
"https://www.columbusrecoverycenter.com/admissions/insurance/humana/","2","Does Humana Cover Drug and Alcohol Detox?","41","Benefits Offered From Humana for Addiction Treatment","52","Indexable",""
"https://www.columbusrecoverycenter.com/treatment-programs/","2","Addiction Treatment Programs Offered at The Recovery Village Columbus Drug & Alcohol Rehab","90","Our Approach to Addiction Treatment at The Recovery Village Columbus Drug & Alcohol Rehab","89","Indexable",""
"https://www.columbusrecoverycenter.com/blog/yoga-in-addiction-recovery/","2","How Can Yoga in Addiction Recovery Be Helpful?","46","Reach Out For Help Today","24","Indexable",""
"https://www.columbusrecoverycenter.com/our-team/","1","Our Facility Care Team","22","","0","Indexable",""
"https://www.columbusrecoverycenter.com/ohio-rehab/youngstown/","2","Drug & Alcohol Rehab Centers in Youngstown, Ohio","48","The Recovery Village Columbus","29","Indexable",""
"https://www.columbusrecoverycenter.com/blog/how-to-dispose-of-unused-meds-in-ohio/","2","The Opioid Crisis in Ohio","25","Disposing of Unused Medication","30","Indexable",""
"https://www.columbusrecoverycenter.com/blog/how-addictive-is-dilaudid/","2","Understanding Opioid Addiction","30","Why Is Dilaudid Addictive?","26","Indexable",""
"https://www.columbusrecoverycenter.com/blog/effects-of-alcohol-on-body/","2","Alcohol Effects on Different Body Systems","41","Alcohol and Weight Gain","23","Indexable",""
"https://www.columbusrecoverycenter.com/treatment-programs/co-occurring-disorders/","2","Common Co-Occurring Disorders","29","Symptoms of Co-Occurring Disorders","34","Indexable",""
"https://www.columbusrecoverycenter.com/blog/tag/recovery/","2","Is Neurofeedback an Effective Tool For Addiction Recovery?","58","Butler County, Ohio, Declared a High-Intensity Drug Trafficking Area","68","Non-Indexable","noindex"
"https://www.columbusrecoverycenter.com/blog/neurofeedback-addiction-recovery/","2","What Is Neurofeedback?","22","Seek Rehab When Necessary","25","Indexable",""
"https://www.columbusrecoverycenter.com/blog/tag/detox/","2","Alcohol Detox: The Right Thing to Do, but Dangerous to Do Alone","63","What Happens in Ohio Medical Detox?","35","Non-Indexable","noindex"
"https://www.columbusrecoverycenter.com/blog/online-recovery-meetings/","2","Online Recovery Meetings & Chat Rooms","37","Features & Benefits","19","Non-Indexable","Canonicalised"
"https://www.columbusrecoverycenter.com/blog/tag/neonatal/","1","Can You be Born an Addict? Thousands of Ohio Babies are Every Year","66","","0","Non-Indexable","noindex"
"https://www.columbusrecoverycenter.com/facility/","2","Take A Virtual Tour","19","Facility Overview","17","Indexable",""
"https://www.columbusrecoverycenter.com/blog/tag/addiction/","2","3 Common Barriers to Addiction Treatment in Ohio","48","Should You Tell Your Children About a Past Addiction?","53","Non-Indexable","noindex"
"https://www.columbusrecoverycenter.com/alcohol-addiction/binge-drinking/","2","Binge Drinking Definition","25","Binge Drinking Effects and Health Risks","39","Indexable",""
"https://www.columbusrecoverycenter.com/blog/dealing-paws-ohio-drug-rehab/","2","What is PAWS?","13","The Science Behind PAWS ","24","Indexable",""
"https://www.columbusrecoverycenter.com/blog/sober-houses-and-halfway-houses/","2","What Are Halfway Houses?","24","What Are Sober Living Homes?","28","Indexable",""
"https://www.columbusrecoverycenter.com/ohio-rehab/warren/","2","Drug & Alcohol Rehab Centers in Warren, Ohio","44","The Recovery Village Columbus","29","Indexable",""
"https://www.columbusrecoverycenter.com/blog/neonatal-abstinence-syndrome-and-babies/","2","What Is Neonatal Abstinence Syndrome (NAS)?","43","What Are the Signs and Symptoms of NAS?","39","Indexable",""
"https://www.columbusrecoverycenter.com/drugs/meth-addiction/treatment-rehab/","2","Treatment for Meth Addiction at The Recovery Village Columbus","61","The Treatment Process for Meth Addiction","40","Indexable",""
"https://www.columbusrecoverycenter.com/ohio-rehab/euclid/","2","Drug & Alcohol Rehab Centers in Euclid, Ohio","44","The Recovery Village Columbus","29","Indexable",""
"https://www.columbusrecoverycenter.com/blog/drug-and-alcohol-treatment-during-coronavirus/","2","Mental Health and Substance Abuse in Ohio","41","Drug Addiction Help and Mental Health Services Will Continue","60","Indexable",""
"https://www.columbusrecoverycenter.com/blog/managing-anger-in-recovery/","0","","0","","0","Indexable",""
"https://www.columbusrecoverycenter.com/students/how-to-help/","2","Family and Friends: How to Help Your Loved One","46","You’ll look back at this moment. Make it a good choice.","55","Indexable",""
"https://www.columbusrecoverycenter.com/blog/can-you-meditate-your-way-out-of-addiction/","2","What Are Meditation and Mindfulness Practices?","46","Can These Practices Help in Addiction Treatment?","48","Indexable",""
"https://www.columbusrecoverycenter.com/drugs/cocaine-addiction/","2","Understanding Cocaine Addiction","31","Why Do People Use Cocaine?","26","Indexable",""
"https://www.columbusrecoverycenter.com/editorial/kevin-wandler/","1","Chief Medical Officer","21","","0","Indexable",""
"https://www.columbusrecoverycenter.com/drugs/oxycodone-addiction/","2","Oxycodone Abuse in Ohio","23","How Oxycodone Addiction Happens","31","Indexable",""
"https://www.columbusrecoverycenter.com/blog/isotonitazene/","2","What Is Isotonitazene?","22","Isotonitazene and Overdose Deaths","33","Indexable",""
"https://www.columbusrecoverycenter.com/","2","Why The Recovery Village Columbus Drug & Alcohol Drug","53","What Our Patients Say","21","Indexable",""
"https://www.columbusrecoverycenter.com/blog/tag/alcoholics-anonymous/","1","History of AA: How Alcoholics Anonymous Sprouted in Akron","57","","0","Non-Indexable","noindex"
"https://www.columbusrecoverycenter.com/blog/teenage-mental-health-during-covid/","2","Types of Mental Health Issues Teens Face","40","Warning Signs ","14","Indexable",""
"https://www.columbusrecoverycenter.com/blog/ptsd-addiction-healing-wounds-ohio-drug-rehab/","2","What Is PTSD?","13","What Is Addiction?","18","Indexable",""
"https://www.columbusrecoverycenter.com/ohio-rehab/cleveland/","2","Drug & Alcohol Rehab Centers in Cleveland, Ohio","47","The Recovery Village Columbus","29","Indexable",""
"https://www.columbusrecoverycenter.com/blog/treating-addiction-and-brain-injury/","2","Brain Injuries in the United States","35","Substance Misuse Can Lead to Brain Trauma","41","Indexable",""
"https://www.columbusrecoverycenter.com/drugs/opiate-addiction/withdrawal-detox/","2","What Is Opioid Withdrawal?","26","Opioid Withdrawal Symptoms","26","Indexable",""
"https://www.columbusrecoverycenter.com/fortitude/ptsd-treatment-for-first-responders/emdr/","2","What Is EMDR?","13","EMDR Phases","11","Indexable",""
"https://www.columbusrecoverycenter.com/drugs/effexor-addiction/treatment-rehab/","2","Addiction Treatment Options","27","How Long Does Rehab Take?","25","Indexable",""
"https://www.columbusrecoverycenter.com/editorial/erica-weiman/","1","","0","","0","Indexable",""
"https://www.columbusrecoverycenter.com/blog/amendment-petition-may-help-ohio-addicts-get-treatment-instead-jail-time/","2","Understand Addiction Can be Treated","35","Learn About Treatment Options","29","Indexable",""
"https://www.columbusrecoverycenter.com/drugs/adderall-addiction/symptoms-side-effects/","2","What Causes Adderall Addiction?","31","Symptoms of Adderall Abuse","26","Indexable",""
"https://www.columbusrecoverycenter.com/drugs/suboxone-addiction/withdrawal-detox/","2","Understanding Suboxone Withdrawal and Detox","43","Can You Withdraw from Suboxone?","31","Indexable",""
"https://www.columbusrecoverycenter.com/blog/ohio-hospitals-team-addiction-treatment-providers-address-crisis/","1","Another Source of Help Is Available","35","","0","Indexable",""
"https://www.columbusrecoverycenter.com/admissions/insurance/health-choice/","2","Does Orlando Healthcare Cover Drug and Alcohol Detox?","53","Benefits Offered From Orlando Healthcare for Addiction Treatment","64","Indexable",""
"https://www.columbusrecoverycenter.com/blog/bariatric-surgery-alcohol-misuse/","0","","0","","0","Indexable",""
"https://www.columbusrecoverycenter.com/blog/spiritual-based-addiction-treatment/","2","How Does Spirituality Affect a Person’s Ability to Manage Addiction?","68","What Does Spiritual Therapy Look Like?","38","Indexable",""
"https://www.columbusrecoverycenter.com/fortitude/ptsd-treatment-for-first-responders/cbt/","2","What Is CBT?","12","Types of CBT","12","Indexable",""
"https://www.columbusrecoverycenter.com/drugs/xanax-addiction/treatment-rehab/","2","Treatment for Xanax Addiction at The Recovery Village Columbus","62","The Treatment Process for Xanax Addiction","41","Indexable",""
"https://www.columbusrecoverycenter.com/blog/steroids-brain/","2","What Are Anabolic Steroids?","27","The Impacts of Steroids on the Brain","36","Indexable",""
"https://www.columbusrecoverycenter.com/blog/vitamins-addiction-recovery/","2","The Impacts of Substance Use on Your Body","41","Why Focus on Physical Wellness?","31","Indexable",""
"https://www.columbusrecoverycenter.com/students/","2","Which Substances Do Ohio Students Use?","38","How to Help Ohio Students Struggling With Addiction","51","Indexable",""
"https://www.columbusrecoverycenter.com/drugs/benzodiazepine-addiction/","2","Most Common Benzodiazepines ","28","Are Benzodiazepines Addictive?","30","Indexable",""
"https://www.columbusrecoverycenter.com/blog/exploring-the-dangers-of-bath-salts/","2","What Are Bath Salts?","20","Effects of Bath Salts","21","Indexable",""
"https://www.columbusrecoverycenter.com/alcohol-addiction-resource-guide/","2","Resources for Assessing Alcohol Abuse Risk","42","Resources for Self-Help Approaches","34","Indexable",""
"https://www.columbusrecoverycenter.com/blog/ohio-universities-concerned-binge-drinking-among-students/","2","What is Binge Drinking?","23","The Statistics","14","Indexable",""
"https://www.columbusrecoverycenter.com/ohio-rehab/canton/","2","Drug & Alcohol Rehab Centers in Canton, Ohio","44","The Recovery Village Columbus","29","Indexable",""
"https://www.columbusrecoverycenter.com/blog/tag/pills/","1","How to Dispose of Unused Meds in Ohio","37","","0","Non-Indexable","noindex"
"https://www.columbusrecoverycenter.com/blog/how-long-does-kratom-stay-in-system/","2","What Does Kratom Do?","20","How Is Kratom Metabolized?","26","Indexable",""
"https://www.columbusrecoverycenter.com/drugs/percocet-addiction/treatment-rehab/","2","Addiction Treatment Options","27","How Long Does Rehab Take?","25","Indexable",""
"https://www.columbusrecoverycenter.com/blog/driving-influence-opioids/","2","Opioids Are a Newer Problem for Ohio Drivers and It Is Growing","62","Driving Under the Influence of Opioids Results in Numerous Deaths","65","Indexable",""
"https://www.columbusrecoverycenter.com/blog/dayton-drug-data-reveals-disturbing-trends-in-montgomery-county/","2","What Factors Are Contributing to These Dire Stats?","50","Ohio Drug Rehab is Crucial to Reducing Overdose-Related Deaths","62","Indexable",""
"https://www.columbusrecoverycenter.com/alcohol-addiction/withdrawal-detox/","2","Understanding Alcohol Withdrawal","32","Alcohol Withdrawal Symptoms Timeline","36","Indexable",""
"https://www.columbusrecoverycenter.com/drugs/marijuana-addiction/","2","Is Marijuana Legal in Ohio?","27","Is Marijuana Addictive?","23","Indexable",""
"https://www.columbusrecoverycenter.com/blog/city-on-the-edge-a-closer-look-at-cleveland-drug-trends/","2","Drug Concerns in Cleveland","26","How Does Cleveland Compare?","27","Indexable",""
"https://www.columbusrecoverycenter.com/admissions/insurance/cigna/","2","Does Cigna Cover Drug and Alcohol Detox?","40","Benefits Offered From Cigna for Addiction Treatment","51","Indexable",""
"https://www.columbusrecoverycenter.com/facts-drugs/","2","Amphetamines","12","Cocaine","7","Indexable",""
"https://www.columbusrecoverycenter.com/drugs/ecstasy-addiction/","2","Understanding Ecstasy","21","What Is Ecstasy?","16","Indexable",""
"https://www.columbusrecoverycenter.com/blog/do-you-need-a-sponsor-for-addiction-recovery/","2","What Is a Sponsor in Ohio Alcohol and Drug Rehab?","49","Do You Need a Sponsor?","22","Indexable",""
"https://www.columbusrecoverycenter.com/blog/fight-food-addiction/","2","Parallels with Drug Addiction","29","The Role of Society","19","Indexable",""
"https://www.columbusrecoverycenter.com/admissions/insurance/blue-cross-blue-shield/","2","Does Blue Cross Blue Shield Cover Drug and Alcohol Detox?","57","Benefits Offered from Blue Cross Blue Shield for Addiction Treatment","68","Indexable",""
"https://www.columbusrecoverycenter.com/blog/ohio-residents-ask-can-really-get-addicted-heroin-just-one-use/","2","What Makes Heroin So Addictive?","31","Where Can You Get Help For Heroin Addiction?","44","Indexable",""
"https://www.columbusrecoverycenter.com/blog/tag/babies/","1","Can You be Born an Addict? Thousands of Ohio Babies are Every Year","66","","0","Non-Indexable","noindex"
"https://www.columbusrecoverycenter.com/blog/what-is-codependency-and-how-can-you-stop-it/","2","What is Codependency?","21","Why You Need to Stop Codependent Behaviors","42","Indexable",""
"https://www.columbusrecoverycenter.com/blog/developing-self-awareness-in-drug-rehab/","2","What Is Self-Awareness?","23","How Does Self-Awareness Help in Addiction Treatment?","52","Indexable",""
"https://www.columbusrecoverycenter.com/blog/long-alcohol-stay-system/","2","How Long Does Alcohol Take To Kick In?","38","Alcohol Half-Life","17","Indexable",""
"https://www.columbusrecoverycenter.com/blog/category/prescription-pills/","2","How Long Does Percocet Stay in Your System?","43","Norco vs. Vicodin","17","Non-Indexable","noindex"
"https://www.columbusrecoverycenter.com/blog/alcohol-abuse-addiction-ohio/","2","Alcoholism in the United States","31","Alcohol Statistics in Ohio","26","Indexable",""
"https://www.columbusrecoverycenter.com/blog/toledos-battle-with-heroin-and-fentanyl-where-we-are-now/","2","Not All the News is Bad","23","The Bad News: Illicit Fentanyl","30","Indexable",""
"https://www.columbusrecoverycenter.com/ohio-rehab/lorain/","2","Drug & Alcohol Rehab Centers in Lorain, Ohio","44","The Recovery Village Columbus","29","Indexable",""
"https://www.columbusrecoverycenter.com/blog/franklin-county-leads-ohio-overdose-deaths/","2","Drug Use in Ohio: A Statewide Problem","37","An Alarming Trend in Franklin County","36","Indexable",""
"https://www.columbusrecoverycenter.com/blog/tag/rehab/page/4/","2","Developing Self-Awareness in Ohio Drug Rehab","44","Alcohol Abuse and Addiction: What Ohioans Should Know","53","Non-Indexable","noindex"
"https://www.columbusrecoverycenter.com/ohio-rehab/hamilton/","2","Drug & Alcohol Rehab Centers in Hamilton, Ohio","46","The Recovery Village Columbus","29","Indexable",""
"https://www.columbusrecoverycenter.com/blog/tag/rehab/page/3/","2","Dayton Drug Data Reveals Disturbing Trends in Montgomery County","63","Crack Use on the Rise: What Cincinnati Residents Should Know","60","Non-Indexable","noindex"
"https://www.columbusrecoverycenter.com/blog/meth-epidemic-under-radar-due-to-marijuana-legalization-opioid-crisis/","2","Meth Epidemic Came Before Opioid Crisis and Never Really Left","61","Meth Addiction More Prominent and Dangerous Than Ever","53","Indexable",""
"https://www.columbusrecoverycenter.com/blog/gabapentin-abuse-ohio-know/","2","Drug Abuse in Ohio","18","What is Gabapentin?","19","Indexable",""
"https://www.columbusrecoverycenter.com/blog/tag/rehab/page/6/","2","How to Use the Services of an Interventionist in Ohio","53","Former Ohio State Neurosurgeon Spearheading Use of Brain Imaging in Addiction Treatment","87","Non-Indexable","noindex"
"https://www.columbusrecoverycenter.com/blog/tag/rehab/page/5/","2","How Does Cognitive Behavioral Therapy Work in Ohio Drug Rehab?","62","Ohio Hospitals Team with Addiction Treatment Providers to Address Crisis","72","Non-Indexable","noindex"
"https://www.columbusrecoverycenter.com/alcohol-addiction/related/withdrawal-delirium-tremens/","2","Signs of Delirium Tremens","25","Preventing Delirium Tremens During Alcohol Withdrawal","53","Indexable",""
"https://www.columbusrecoverycenter.com/prescription-drug-abuse-in-america/","2","Why Are So Many Drugs Prescribed in the United States?","54","Who Abuses Prescription Drugs?","30","Indexable",""
"https://www.columbusrecoverycenter.com/drugs/trazodone-addiction/withdrawal-detox/","2","Is Trazodone Habit-Forming? ","28","How Long Does Trazodone Stay in Your System?","44","Indexable",""
"https://www.columbusrecoverycenter.com/blog/tag/rehab/page/2/","2","City on the Edge: A Closer Look at Cleveland Drug Trends","56","Why Does Peer Support Work in Ohio Addiction Treatment?","55","Non-Indexable","noindex"
"https://www.columbusrecoverycenter.com/blog/tag/alcoholic/","2","Alcohol Detox: The Right Thing to Do, but Dangerous to Do Alone","63","History of AA: How Alcoholics Anonymous Sprouted in Akron","57","Non-Indexable","noindex"
"https://www.columbusrecoverycenter.com/ohio-rehab/groveport/","2","Drug & Alcohol Rehab Centers in Groveport, Ohio","47","The Recovery Village Columbus","29","Indexable",""
"https://www.columbusrecoverycenter.com/alcohol-addiction/related/alcohol-detox-diet/","2","When Detoxing From Alcohol Focus On These Things…","49","Foods to Avoid During an Alcohol Detox","38","Indexable",""
"https://www.columbusrecoverycenter.com/blog/ohio-addiction-treatment-over-incarceration/","0","","0","","0","Indexable",""
"https://www.columbusrecoverycenter.com/blog/cardinal-health-billion-pills-eight-years/","2","Allegations That More Could Have Been Done to Prevent Opioid Epidemic","69","Cardinal Health Takes Stance Against Their Part in the Opioid Addiction Epidemic","80","Indexable",""
"https://www.columbusrecoverycenter.com/blog/missouri-schools-encouraged-to-offer-narcan/","2","In-School Drug Incidents on the Rise","36","School Officials Developing Narcan Protocol","43","Indexable",""
"https://www.columbusrecoverycenter.com/blog/how-trv-columbus-supports-ohio-alumni/","2","Protecting Yourself from the Opioid Epidemic","44","Aftercare Planning","18","Indexable",""
"https://www.columbusrecoverycenter.com/drugs/meth-addiction/symptoms-side-effects/","2","Meth Side Effects","17","Meth Addiction Symptoms or the Effects of Long-Term Use","55","Indexable",""
"https://www.columbusrecoverycenter.com/admissions/pricing/","2","What Is Covered in Your Cost for Residential Treatment?","55","Affordable Treatment Options","28","Indexable",""
"https://www.columbusrecoverycenter.com/the-dangers-of-drugged-driving/","2","Driving While Using Prescription Medications","44","Driving While Using Illegal Drugs","33","Indexable",""
"https://www.columbusrecoverycenter.com/drugs/ambien-addiction/treatment-rehab/","2","Understanding Ambien Addiction Treatment & Rehab","48","Addiction Treatment Centers","27","Indexable",""
"https://www.columbusrecoverycenter.com/blog/benzos-addictive/","2","How Do Benzos Work to Cause Addiction?","38","Where Can a Person Go For Help For Benzo Addiction?","51","Indexable",""
"https://www.columbusrecoverycenter.com/drugs/kratom-addiction/withdrawal-detox/","2","How Long Does Kratom Stay in Your System?","41","Symptoms of Kratom Withdrawal","29","Indexable",""
"https://www.columbusrecoverycenter.com/online-recovery-meetings/","2","Online Recovery Meetings & Chat Rooms","37","Features & Benefits","19","Non-Indexable","Canonicalised"
"https://www.columbusrecoverycenter.com/blog/tag/drugs/","2","Should You Tell Your Children About a Past Addiction?","53","Neonatal Abstinence Syndrome and Ohio’s Babies","46","Non-Indexable","noindex"
"https://www.columbusrecoverycenter.com/blog/tag/heroin/","1","Heroin Withdrawal: What to Expect","33","","0","Non-Indexable","noindex"
"https://www.columbusrecoverycenter.com/drugs/trazodone-addiction/","2","What is Trazodone?","18","What Is Trazodone Used For?","27","Indexable",""
"https://www.columbusrecoverycenter.com/blog/what-is-emdr-and-how-is-it-used-in-ohio-drug-rehab/","2","PTSD and Substance Abuse","24","What is EDMR?","13","Indexable",""
"https://www.columbusrecoverycenter.com/editorial/jonathan-strum/","1","","0","","0","Indexable",""
"https://www.columbusrecoverycenter.com/ohio-rehab/newark/","2","Drug & Alcohol Rehab Centers in Newark, Ohio","44","The Recovery Village Columbus","29","Indexable",""
"https://www.columbusrecoverycenter.com/blog/religion-spirituality-play-role-ohio-addiction-recovery/","2","Spirituality and Religion Are Not Always the Same","49","Faith in Treatment Helps Many People Reconnect with Ingrained Values","68","Indexable",""
"https://www.columbusrecoverycenter.com/admissions/insurance/mines-and-associates/","2","Does Mines and Associates Cover Drug and Alcohol Detox?","55","Benefits Offered from Mines and Associates for Addiction Treatment","66","Indexable",""
"https://www.columbusrecoverycenter.com/ohio-rehab/kent/","2","Drug & Alcohol Rehab Centers in Kent, Ohio","42","The Recovery Village Columbus","29","Indexable",""
"https://www.columbusrecoverycenter.com/drugs/methadone-addiction/withdrawal-detox/","2","Methadone Withdrawal Symptoms","29","How Long Does Methadone Withdrawal Last?","40","Indexable",""
"https://www.columbusrecoverycenter.com/blog/ohio-residents-know-adderall-addiction/","2","Adderall Misuse on the Rise","27","Signs and Symptoms of Adderall Addiction","40","Indexable",""
"https://www.columbusrecoverycenter.com/blog/5-great-reasons-not-to-mix-meds/","2","1. One Drug Can Change the Nature of the Other","46","2. Legal Drugs Do Not Always Mix","32","Indexable",""
"https://www.columbusrecoverycenter.com/ohio-rehab/mansfield/","2","Drug & Alcohol Rehab Centers in Mansfield, Ohio","47","The Recovery Village Columbus","29","Indexable",""
"https://www.columbusrecoverycenter.com/blog/michigan-offers-free-nicotine-patches-gum/","2","The Michigan Tobacco Quitline","29","Do These Types of Programs Work?","32","Indexable",""
"https://www.columbusrecoverycenter.com/blog/8-milestones-to-celebrate-recovery/","2","1. When You Are No Longer Physically Dependent on Drugs or Alcohol","66","2. When You Start to Work Through Your Feelings","47","Indexable",""
"https://www.columbusrecoverycenter.com/drugs/xanax-addiction/symptoms-side-effects/","2","Common Xanax Side Effects","25","FAQs About Xanax Effects","24","Indexable",""
"https://www.columbusrecoverycenter.com/alcohol-addiction/related/alcohol-anxiety/","2","How Anxiety Causes Alcohol Abuse and Addiction","46","Why Alcohol Use Increases Anxiety","33","Indexable",""
"https://www.columbusrecoverycenter.com/blog/stimulants-abuse-and-the-matrix-model-how-it-works-in-ohio-drug-rehab/","2","How Does the Matrix Model Work?","31","What is the History of the Matrix Model?","40","Indexable",""
"https://www.columbusrecoverycenter.com/about-canton-ohio/","2","At a Glance","11","History of Canton","17","Indexable",""
"https://www.columbusrecoverycenter.com/blog/sober-october/","2","What Is Sober October?","22","Rules for Sober October","23","Indexable",""
"https://www.columbusrecoverycenter.com/treatment-programs/substance-abuse-counseling/","2","What Is Substance Abuse Counseling?","35","Therapy and Counseling Options for Addiction Treatment","54","Indexable",""
"https://www.columbusrecoverycenter.com/drugs/methadone-addiction/symptoms-side-effects/","2","Signs of Methadone Abuse","24","How Methadone is Abused?","24","Indexable",""
"https://www.columbusrecoverycenter.com/alcohol-addiction/related/signs-alcohol-poisoning/","2","Risk Factors","12","Stages & Progression of Symptoms","32","Indexable",""
"https://www.columbusrecoverycenter.com/alcohol-addiction/related/alcohol-detox-process/","2","How Long Does the Alcohol Detox Process Take?","45","Detox Methods","13","Indexable",""
"https://www.columbusrecoverycenter.com/blog/alcohol-withdrawal-timeline/","2","The Stages of Alcohol Withdrawal","32","The Symptoms of Alcohol Withdrawal","34","Indexable",""
"https://www.columbusrecoverycenter.com/blog/ohio-employees-ask-should-i-tell-my-employer-i-have-a-substance-use-disorder/","2","Should You Talk to Your Boss About Your Addiction?","50","You Will Still Have a Job After Rehab","37","Indexable",""
"https://www.columbusrecoverycenter.com/blog/will-ohio-get-additional-funding-for-needle-exchange-programs/","2","What is a Needle Exchange Program?","34","Increasing Needle Exchange Programs in Ohio","43","Indexable",""
"https://www.columbusrecoverycenter.com/blog/teletherapy/","2","Online Counseling That Takes Insurance","38","How to Access Teletherapy","25","Indexable",""
"https://www.columbusrecoverycenter.com/blog/ohio-employers-grappling-addiction-workplace/","2","A Look at The Numbers","21","Implications for Ohio Businesses","32","Indexable",""
"https://www.columbusrecoverycenter.com/blog/can-you-be-born-an-addict/","2","Children Born into Dependency","29","A Pressing Problem on a State and National Scale","48","Indexable",""
"https://www.columbusrecoverycenter.com/drugs/opiate-addiction/","2","Opioid Abuse in Ohio","20","How Opioid Addiction Happens","28","Indexable",""
"https://www.columbusrecoverycenter.com/blog/will-new-public-awareness-campaign-curb-addiction-in-ohio/","2","Ohio Launches New Campaign","26","How Effective Are Public Awareness Campaigns Against Drug Use?","62","Indexable",""
"https://www.columbusrecoverycenter.com/blog/ohio-rehab-romance-might-want-think-twice/","2","Understanding the Dangers of a Rehab Romance","44","Friendship Rather than Romance","30","Indexable",""
"https://www.columbusrecoverycenter.com/blog/vicodin-and-alcohol/","2","Why Is Mixing Vicodin and Alcohol So Dangerous?","47","How Long Does Vicodin Stay in Your System?","42","Indexable",""
"https://www.columbusrecoverycenter.com/blog/5-common-types-of-behavioral-addiction/","2","What’s the Difference Between Behavioral and Substance Addiction?","65","How Behavioral Addiction Can Be Treated as a Co-Occurring Disorder in an Ohio Addiction Treatment Center","104","Indexable",""
"https://www.columbusrecoverycenter.com/our-team/robert-fishman/","1","Vice President of Admissions","28","","0","Indexable",""
"https://www.columbusrecoverycenter.com/editorial/nanci-stockwell/","1","Chief Clinical and Education Officer","36","","0","Indexable",""
"https://www.columbusrecoverycenter.com/drugs/kratom-addiction/","2","What Is Kratom?","15","Is Kratom Addictive?","20","Indexable",""
"https://www.columbusrecoverycenter.com/editorial/benjamin-caleb-williams/","1","","0","","0","Indexable",""
"https://www.columbusrecoverycenter.com/drugs/morphine-addiction/","2","What Is Morphine?","17","Is Morphine Addictive?","22","Indexable",""
"https://www.columbusrecoverycenter.com/outreach/emily-flatt/","1","Community Outreach Specialist","29","","0","Indexable",""
"https://www.columbusrecoverycenter.com/blog/recovery-month-ohio/","2","Substance Abuse in Ohio","23","Faces of Voices of Recovery to Host the 31st National Recovery Month","68","Indexable",""
"https://www.columbusrecoverycenter.com/admissions/checklist/","2","What Can I Bring With Me to Treatment?","38","What Not to Bring","17","Indexable",""
"https://www.columbusrecoverycenter.com/drugs/methadone-addiction/treatment-rehab/","2","Addiction Treatment Options","27","How Long Does Rehab Take?","25","Indexable",""
"https://www.columbusrecoverycenter.com/blog/rapid-detox-safe-ohio-drug-rehab/","2","What is Rapid Detox? ","21","Should You Do a Rapid Detox?","28","Indexable",""
"https://www.columbusrecoverycenter.com/alcohol-addiction/related/alcohol-epilepsy/","2","Can Alcohol Cause Epilepsy?","27","Can People with Epilepsy Drink Alcohol?","39","Indexable",""
"https://www.columbusrecoverycenter.com/blog/ohio-dart-program-works-fight-opioid-addiction-one-person-time/","2","The DART Program ","17","Precedent-Setting","17","Indexable",""
"https://www.columbusrecoverycenter.com/ohio-rehab/lima/","2","Drug & Alcohol Rehab Centers in Lima, Ohio","42","The Recovery Village Columbus","29","Indexable",""
"https://www.columbusrecoverycenter.com/treatment-programs/telehealth-app/","2","How Nobu Works","14","Benefits of Teletherapy","23","Non-Indexable","Canonicalised"
"https://www.columbusrecoverycenter.com/drugs/ambien-addiction/","2","What Is Ambien?","15","Ambien Side Effects","19","Indexable",""
"https://www.columbusrecoverycenter.com/drugs/effexor-addiction/symptoms-side-effects/","2","Effexor Side Effects","20","How Is Effexor Abused?","22","Indexable",""
"https://www.columbusrecoverycenter.com/blog/ohio-dept-higher-education-considering-adding-substance-abuse-prevention-curriculum/","2","Ohio’s Deadly Opioid Obsession","30","Education the Key to Prevention","31","Indexable",""
"https://www.columbusrecoverycenter.com/ohio-rehab/cuyahoga-falls/","2","Drug & Alcohol Rehab Centers in Cuyahoga Falls, Ohio","52","The Recovery Village Columbus","29","Indexable",""
"https://www.columbusrecoverycenter.com/blog/county-offers-free-fentanyl-strips-decrease-overdoses/","0","","0","","0","Indexable",""
"https://www.columbusrecoverycenter.com/admissions/faqs/","2","Questions About Drug and Alcohol Treatment","42","Questions About Life at The Recovery Village Columbus","53","Indexable",""
"https://www.columbusrecoverycenter.com/alcohol-addiction/related/alcohol-memory/","2","Why Alcohol Causes Memory Loss","30","Signs of Alcohol-Induced Memory Loss","36","Indexable",""
"https://www.columbusrecoverycenter.com/drugs/ecstasy-addiction/symptoms-side-effects/","2","Understanding the Effects of Ecstasy","36","Ecstasy Side Effects","20","Indexable",""
"https://www.columbusrecoverycenter.com/drugs/suboxone-addiction/treatment-rehab/","2","Understanding Suboxone Addiction Treatment & Rehab","50","Addiction Treatment Options","27","Indexable",""
"https://www.columbusrecoverycenter.com/drugs/percocet-addiction/withdrawal-detox/","2","Understanding Percocet Withdrawal and Detox","43","Can You Experience Withdrawal from Percocet Use?","48","Indexable",""
"https://www.columbusrecoverycenter.com/ohio-rehab/toledo/","2","Drug & Alcohol Rehab Centers in Toldeo, Ohio","44","The Recovery Village Columbus","29","Indexable",""
"https://www.columbusrecoverycenter.com/outreach/cassidy-smith/","1","Community Outreach Coordinator","30","","0","Indexable",""
"https://www.columbusrecoverycenter.com/blog/why-does-peer-support-work-in-ohio-addiction-treatment/","2","What Benefits Does Peer Support Provide?","40","What Are Some Popular Peer Support Groups?","42","Indexable",""
"https://www.columbusrecoverycenter.com/blog/tag/ohio/","2","Understanding Percocet Addiction","32","Ohio Residents Ask: Will I Be Bored in Rehab?","45","Non-Indexable","noindex"
"https://www.columbusrecoverycenter.com/drugs/ambien-addiction/withdrawal-detox/","2","Understanding Ambien Withdrawal and Detox","41","Ambien Withdrawal Symptoms","26","Indexable",""
"https://www.columbusrecoverycenter.com/blog/when-does-gaming-become-a-problem/","2","What is Gaming Disorder?","24","What Are the Signs of a Gaming Disorder?","40","Indexable",""
"https://www.columbusrecoverycenter.com/blog/ohio-raises-nicotine-purchase-age-to-21/","2","Teen Vaping Statistics","22","My Life, My Quit Campaign","25","Indexable",""
"https://www.columbusrecoverycenter.com/drugs/percocet-addiction/symptoms-side-effects/","2","How is Percocet Abused?","23","Percocet Abuse Statistics","25","Indexable",""
"https://www.columbusrecoverycenter.com/blog/longevity-of-methadone-in-system/","2","What is Methadone?","18","Methadone Half-Life","19","Indexable",""
"https://www.columbusrecoverycenter.com/editorial/jenni-jacobsen/","1","","0","","0","Indexable",""
"https://www.columbusrecoverycenter.com/blog/drug-trends-in-columbus-what-you-should-know/","2","The Top Drug Trends in Columbus, Ohio","37","Who Are the Typical Drug Users in Ohio?","39","Indexable",""
"https://www.columbusrecoverycenter.com/blog/winter-in-recovery/","2","Winter & Mental Health","22","Mental Health Tips for the Winter Months in Ohio","48","Indexable",""
"https://www.columbusrecoverycenter.com/blog/is-molly-the-same-drug-as-ecstasy/","2","What Is Molly?","14","What Is Ecstasy?","16","Indexable",""
"https://www.columbusrecoverycenter.com/blog/alcoholism-rise-among-elderly-ohio/","2","Aging Issues","12","Ohio Alcohol and Drug Rehab","27","Indexable",""
"https://www.columbusrecoverycenter.com/blog/4-benefits-ohio-drug-rehab/","2","Providing a Drug-Free Environment","33","Forging New Relationships","25","Indexable",""
"https://www.columbusrecoverycenter.com/blog/category/uncategorized/","2","How Long Does Kratom Stay in the System?","40","Kratom Effects: How Long Does Kratom Last?","42","Non-Indexable","noindex"
"https://www.columbusrecoverycenter.com/drugs/fentanyl-addiction/withdrawal-detox/","2","Fentanyl Withdrawal Symptoms","28","FAQs About Fentanyl Withdrawal","30","Indexable",""
"https://www.columbusrecoverycenter.com/blog/signs-klonopin-addiction/","2","What Is Klonopin?","17","The Signs of Klonopin Misuse","28","Indexable",""
"https://www.columbusrecoverycenter.com/blog/adderall-misuse/","2","Who Misuses Adderall?","21","What Are the Dangers of Misusing Adderall?","42","Indexable",""
"https://www.columbusrecoverycenter.com/blog/how-covid-impacts-ocd-intrusive-thoughts/","2","What Is Obsessive-Compulsive Disorder?","38","How COVID Affects Those with OCD","32","Indexable",""
"https://www.columbusrecoverycenter.com/alcohol-addiction/treatment-rehab/","2","Signs That It’s Time for Help","29","Don’t Face Alcohol Withdrawal Alone","35","Indexable",""
"https://www.columbusrecoverycenter.com/drugs/klonopin-addiction/","2","What Is Klonopin Used For?","26","Is Klonopin Addictive?","22","Indexable",""
"https://www.columbusrecoverycenter.com/blog/norco-side-effects/","2","Side Effects of Norco","21","Long-Term Side Effects of Norco Use","35","Indexable",""
"https://www.columbusrecoverycenter.com/blog/cdc-report-about-american-opioid-use/","2","What Does the CDC Report Show?","30","Why Is There an Opioid Crisis?","30","Indexable",""
"https://www.columbusrecoverycenter.com/blog/exercise-in-recovery/","2","The Role of Exercise in Addiction Recovery","42","Improved Brain Chemistry","24","Indexable",""
"https://www.columbusrecoverycenter.com/drugs/benzodiazepine-addiction/symptoms-side-effects/","2","Benzodiazepine Side Effects","27","Signs of Benzodiazepine Abuse and Addiction","43","Indexable",""
"https://www.columbusrecoverycenter.com/blog/what-happens-in-ohio-medical-detox/","2","What Happens in Ohio Medical Detox?","35","What Happens After Detox is Done?","33","Indexable",""
"https://www.columbusrecoverycenter.com/blog/mental-illness-addiction-veterans/","2","The Connection Between Substance Use Disorders and Mental Illness","65","Why Do Veterans Experience Substance Use Disorders?","51","Indexable",""
"https://www.columbusrecoverycenter.com/blog/bullying-leads-substance-abuse-ohios-kids/","2","How Bullying Affects The Victims ","33","How Bullying Affects the Bully","30","Indexable",""
"https://www.columbusrecoverycenter.com/blog/how-to-find-support-for-mental-illness-and-substance-abuse-in-the-ohio-lgbt-community/","2","Mental Illness and the LGBT Community","37","LGBT Substance Use","18","Indexable",""
"https://www.columbusrecoverycenter.com/editorial/","1","Editorial Team for The Recovery Village Columbus","48","","0","Indexable",""
"https://www.columbusrecoverycenter.com/about-lorain-ohio/","2","At a Glance","11","History of Lorain","17","Indexable",""
"https://www.columbusrecoverycenter.com/drugs/ecstasy-addiction/treatment-rehab/","2","Understanding Ecstasy Addiction Treatment & Rehab","49","Ecstasy and MDMA: How Addictive Are They?","41","Indexable",""
"https://www.columbusrecoverycenter.com/blog/using-alcohol-to-ease-chronic-pain-why-its-a-bad-idea-in-ohio/","2","What Does Alcohol Do to the Body?","33","Why You Need an Ohio Alcohol Rehab Facility","43","Indexable",""
"https://www.columbusrecoverycenter.com/drugs/adderall-addiction/treatment-rehab/","2","Adderall Treatment Options","26","How Long Is Treatment for Adderall Addiction?","45","Indexable",""
"https://www.columbusrecoverycenter.com/blog/is-fioricet-habit-forming/","2","What Is Fioricet?","17","Why Is Fioricet Addictive?","26","Indexable",""
"https://www.columbusrecoverycenter.com/blog/tag/opioid/","2","Ohio Kids Flood Foster Care System as Opioid Addiction Rates Rise","65","Can You be Born an Addict? Thousands of Ohio Babies are Every Year","66","Non-Indexable","noindex"
"https://www.columbusrecoverycenter.com/blog/difference-between-norco-and-vicodin/","2","What Is Hydrocodone Used For?","29","What Is Norco?","14","Indexable",""
"https://www.columbusrecoverycenter.com/blog/tag/teens/","1","Schools Stock Narcan in Response to Ohio Opioid Epidemic","56","","0","Non-Indexable","noindex"
"https://www.columbusrecoverycenter.com/ohio-rehab/","2","Drug & Alcohol Addiction, Detox & Recovery","42","Communities We Serve","20","Indexable",""
"https://www.columbusrecoverycenter.com/blog/handling-a-friends-relapse/","2","Why Does Recurrence of Drug Use Happen?","39","Recognize the Signs of Relapse","30","Indexable",""
"https://www.columbusrecoverycenter.com/ohio-rehab/westerville/","2","Drug & Alcohol Rehab Centers in Westerville, Ohio","49","The Recovery Village Columbus","29","Indexable",""
"https://www.columbusrecoverycenter.com/about-cleveland-ohio/","2","At a Glance","11","History of Cleveland","20","Indexable",""
"https://www.columbusrecoverycenter.com/blog/ohio-residents-ask-are-anabolic-steroids-addictive/","2","Can Steroids Use Lead to Addiction?","35","What Are the Signs of Steroid Addiction?","40","Indexable",""
"https://www.columbusrecoverycenter.com/blog/ohio-county-court-recognizes-link-addiction-mental-illness/","2","A New Approach to Mental Health and Addiction","45","Staying Accountable ","20","Indexable",""
"https://www.columbusrecoverycenter.com/blog/what-does-norco-look-like/","2","What Is Norco Used For?","23","Norco Overdose","14","Indexable",""
"https://www.columbusrecoverycenter.com/blog/tag/heroin-overdose/","1","Schools Stock Narcan in Response to Ohio Opioid Epidemic","56","","0","Non-Indexable","noindex"
"https://www.columbusrecoverycenter.com/blog/ohio-kids-flood-foster-care-system-as-opioid-addiction-rates-rise/","2","How Are Foster Care and the Opioid Epidemic Connected?","54","The Numbers in Ohio","19","Indexable",""
"https://www.columbusrecoverycenter.com/blog/gray-death-causing-serious-concern-ohio-addicts/","2","What Is Gray Death?","19","What is U-47700?","16","Indexable",""
"https://www.columbusrecoverycenter.com/online-terms-conditions-use/","0","","0","","0","Indexable",""
"https://www.columbusrecoverycenter.com/drugs/cocaine-addiction/related/cocaine-alcohol/","2","What Is Cocaethylene?","21","Effects of Mixing Cocaine with Alcohol","38","Indexable",""
"https://www.columbusrecoverycenter.com/privacy-policy/","0","","0","","0","Indexable",""
"https://www.columbusrecoverycenter.com/blog/combating-stigma-against-substance-misuse/","2","A Lack of Understanding Contributes to Stigma","45","Why Is There Stigma Attached to Addiction?","42","Indexable",""
"https://www.columbusrecoverycenter.com/drugs/klonopin-addiction/symptoms-side-effects/","2","Klonopin Side Effects","21","Long-Term Klonopin Addiction Symptoms","37","Indexable",""
"https://www.columbusrecoverycenter.com/drugs/fentanyl-addiction/treatment-rehab/","2","Evidence-Based Treatment for Fentanyl Addiction","47","The Fentanyl Addiction Treatment Process","40","Indexable",""
"https://www.columbusrecoverycenter.com/blog/illinois-to-expunge-800000-marijuana-convictions/","2","Relief to State Residents with Marijuana-Related Offenses","57","Social Equity Program","21","Indexable",""
"https://www.columbusrecoverycenter.com/drugs/adderall-addiction/withdrawal-detox/","2","Adderall Tolerance and Dependence","33","Adderall Withdrawal Symptoms","28","Indexable",""
"https://www.columbusrecoverycenter.com/blog/how-long-does-oxy-stay-in-your-system/","2","Oxycodone Brand Names","21","How Long Does It Take for Oxycodone to Work?","44","Indexable",""
"https://www.columbusrecoverycenter.com/blog/effects-of-adderall/","2","What Is Adderall?","17","Mental Consequences of Adderall Use","35","Indexable",""
"https://www.columbusrecoverycenter.com/blog/dangers-of-valium/","2","What Is Valium?","15","What Are the Signs of Valium Misuse?","36","Indexable",""
"https://www.columbusrecoverycenter.com/blog/what-is-vivitrol/","2","Vivitrol & the Ohio Opioid Epidemic","35","How Does Vivitrol Work?","23","Indexable",""
"https://www.columbusrecoverycenter.com/treatment-programs/aftercare/","2","What Is Aftercare?","18","Who Needs Aftercare?","20","Indexable",""
"https://www.columbusrecoverycenter.com/drugs/adderall-addiction/","2","What Is Adderall?","17","What Is Adderall Used For?","26","Indexable",""
"https://www.columbusrecoverycenter.com/blog/use-services-interventionist-ohio/","2","Role of an Interventionist","26","Choosing the Right Interventionist","34","Indexable",""
"https://www.columbusrecoverycenter.com/drugs/benzodiazepine-addiction/treatment-rehab/","2","Detox Treatment for Benzo Addiction","35","Benzodiazepine Withdrawal Is Dangerous","38","Indexable",""
"https://www.columbusrecoverycenter.com/blog/crack-use-on-the-rise-what-cincinnati-residents-should-know/","2","What Substances Are Being Cut With Crack?","41","What Are the Dangers of Crack Cocaine?","38","Indexable",""
"https://www.columbusrecoverycenter.com/blog/tag/ohio/page/7/","1","What Happens to Your Job When You Go To Ohio Drug Rehab?","56","","0","Non-Indexable","noindex"
"https://www.columbusrecoverycenter.com/blog/ohio-residents-turn-to-non-opioid-pain-management-strategies/","2","How Opioid Pain Medication Can Lead to Addiction","48","Troubles With Opiate Addiction in Ohio","38","Indexable",""
"https://www.columbusrecoverycenter.com/ohio-rehab/massillon/","2","Drug & Alcohol Rehab Centers in Massillon, Ohio","47","The Recovery Village Columbus","29","Indexable",""
"https://www.columbusrecoverycenter.com/blog/schools-stock-narcan-in-response-to-ohio-opioid-epidemic/","2","Legislation for Change","22","Teens Who Use","13","Indexable",""
"https://www.columbusrecoverycenter.com/blog/tag/substance-abuse/","2","Why Combating Stigma Is Part of the Fight Against Addiction","59","Common Gateway Drugs","20","Non-Indexable","noindex"
"https://www.columbusrecoverycenter.com/blog/prep-for-the-holidays-treatment-recovery/","2","What Can You Do if You’re in Active Treatment or Recovery?","58","5 Ways to Avoid Relapse During the Holiday Season","49","Indexable",""
"https://www.columbusrecoverycenter.com/drugs/cocaine-addiction/cocaine-faqs/can-you-overdose-cocaine/","2","Identifying Cocaine Overdose","28","Experiencing Cocaine Overdose","29","Indexable",""
"https://www.columbusrecoverycenter.com/drugs/valium-addiction/symptoms-side-effects/","2","Valium Side Effects","19","Side Effects of Long-Term Valium Use","36","Indexable",""
"https://www.columbusrecoverycenter.com/blog/reduce-dementia-risk-ohio-alcohol-rehab/","2","What is the Importance of the Association Between Alcohol Abuse and Dementia?","77","How Does Alcohol Lead to Dementia?","34","Indexable",""
"https://www.columbusrecoverycenter.com/blog/tag/ohio/page/3/","2","What Happens in Ohio Medical Detox?","35","Heavy Alcohol Abuse and DTs: What Ohio Drinkers Should Know","59","Non-Indexable","noindex"
"https://www.columbusrecoverycenter.com/blog/signs-hydrocodone-addiction/","2","What Is Hydrocodone?","20","What Does Hydrocodone Addiction Look Like?","42","Indexable",""
"https://www.columbusrecoverycenter.com/drug-addiction-hotline/","2","What is The Recovery Village Helpline?","38","What is a Drug Addiction Hotline?","33","Indexable",""
"https://www.columbusrecoverycenter.com/blog/ohio-suicide-rates-increase-cdc-study-2019/","2","What Is Happening in Ohio?","26","Risk Factors for Suicide","24","Indexable",""
"https://www.columbusrecoverycenter.com/drugs/amphetamines-addiction/","2","What Are Amphetamines?","22","What Are Amphetamines Used For?","31","Indexable",""
"https://www.columbusrecoverycenter.com/blog/new-day-ohio-recovery-village-columbus-now-open/","1","Types of Therapy at The Recovery Village Columbus","49","","0","Indexable",""
"https://www.columbusrecoverycenter.com/drugs/codeine-addiction/","2","Codeine Abuse in Ohio","21","How Codeine Addiction Happens","29","Indexable",""
"https://www.columbusrecoverycenter.com/blog/tag/ohio/page/4/","2","What Ohioans Should Know about Crack Detox","42","How Does Cognitive Behavioral Therapy Work in Ohio Drug Rehab?","62","Non-Indexable","noindex"
"https://www.columbusrecoverycenter.com/alcohol-addiction/related/alcohol-detox-remedies/","2","Alcohol Withdrawal and Detox","28","Is It Safe To Withdraw From Alcohol at Home?","44","Indexable",""
"https://www.columbusrecoverycenter.com/blog/tag/ohio/page/5/","2","Should You Force a Person into Addiction Treatment in Ohio?","59","Ohio Universities Concerned about Binge Drinking among Students","63","Non-Indexable","noindex"
"https://www.columbusrecoverycenter.com/drugs/hydrocodone-addiction/treatment-rehab/","2","Is Hydrocodone an Opioid?","25","Is Hydrocodone Addictive?","25","Indexable",""
"https://www.columbusrecoverycenter.com/blog/tag/ohio/page/6/","2","Help for Pregnant Women in Ohio Addiction Recovery","50","Successful Sobriety with a Strong Support Network in Ohio","57","Non-Indexable","noindex"
"https://www.columbusrecoverycenter.com/editorial/nicole-laneve/","1","","0","","0","Indexable",""
"https://www.columbusrecoverycenter.com/alcohol-addiction/related/alcohol-antidepressants/","2","Effects of Mixing Alcohol and Antidepressants","45","Risks of Alcohol Use While On Antidepressants","45","Indexable",""
"https://www.columbusrecoverycenter.com/blog/what-to-do-for-amphetamine-overdose/","2","What Are Amphetamines?","22","The Physical Effects of Amphetamines","36","Indexable",""
"https://www.columbusrecoverycenter.com/blog/narcan-compass-healing-crutch-addiction/","2","What Is Narcan?","15","A Vicious Cycle","15","Indexable",""
"https://www.columbusrecoverycenter.com/blog/pdmps-opioid-crisis/","0","","0","","0","Indexable",""
"https://www.columbusrecoverycenter.com/blog/successful-sobriety-strong-support-network-ohio/","2","Finding New Friends","19","Finding Positive Outlets","24","Indexable",""
"https://www.columbusrecoverycenter.com/blog/how-long-does-coke-stay-in-system/","2","How Long Does Cocaine Start to Kick In?","39","How Long Does Cocaine Last?","27","Indexable",""
"https://www.columbusrecoverycenter.com/blog/heavy-alcohol-abuse-and-dts-what-ohio-drinkers-should-know/","2","Does Everyone in Alcohol Withdrawal Experience DTs?","51","What Do Alcoholics Experience With DTs?","39","Indexable",""
"https://www.columbusrecoverycenter.com/drugs/norco-addiction/","2","Is Norco Addictive?","19","Signs of Norco Abuse","20","Indexable",""
"https://www.columbusrecoverycenter.com/blog/marijuana-use-can-increase-chances-of-cancer/","2","What Causes Cancer?","19","Marijuana Use and Cancer","24","Indexable",""
"https://www.columbusrecoverycenter.com/ohio-rehab/marion/","2","Drug & Alcohol Rehab Centers in Marion, Ohio","44","The Recovery Village Columbus","29","Indexable",""
"https://www.columbusrecoverycenter.com/alcohol-addiction/related/alcohol-detox-at-home/","2","Options For Detoxing at Home","28","Risks of Detoxing From Alcohol at Home","38","Indexable",""
"https://www.columbusrecoverycenter.com/blog/tag/ohio/page/2/","2","5 Top Risk Factors for Opioid Addiction in Columbus","51","Will New Public Awareness Campaign Curb Addiction in Ohio?","58","Non-Indexable","noindex"
"https://www.columbusrecoverycenter.com/drugs/xanax-addiction/withdrawal-detox/","2","Xanax Withdrawal Symptoms","25","FAQs About Xanax Withdrawal","27","Indexable",""
"https://www.columbusrecoverycenter.com/blog/new-billboard-campaign-set-get-ohioans-talking-substance-abuse/","1","Finding Treatment Now","21","","0","Indexable",""
"https://www.columbusrecoverycenter.com/continuing-education/","2","The Recovery Village Educational Series","39","What Are Continuing Education Events?","37","Non-Indexable","Canonicalised"
"https://www.columbusrecoverycenter.com/blog/telling-children-about-addiction/","2","Promoting Your Children’s Good Health","37","What Do You Share?","18","Indexable",""
"https://www.columbusrecoverycenter.com/drugs/oxycontin-addiction/","2","What Is OxyContin?","18","What Is OxyContin Used For?","27","Indexable",""
"https://www.columbusrecoverycenter.com/blog/successful-addiction-recovery-is-a-journey/","2","No ‘Cure’ for Addiction","23","Bumps in the Recovery Road","26","Indexable",""
"https://www.columbusrecoverycenter.com/drugs/methadone-addiction/","2","What Is Methadone?","18","What Is Methadone Used For?","27","Indexable",""
"https://www.columbusrecoverycenter.com/blog/tag/akron/","1","History of AA: How Alcoholics Anonymous Sprouted in Akron","57","","0","Non-Indexable","noindex"
"https://www.columbusrecoverycenter.com/ohio-rehab/hudson/","2","Drug & Alcohol Rehab Centers in Hudson, Ohio","44","The Recovery Village Columbus","29","Indexable",""
"https://www.columbusrecoverycenter.com/blog/ohio-county-offers-vivitrol-inmates-fight-opioid-crisis/","2","Anti-Addiction Injection","24","How Can This Help?","18","Indexable",""
"https://www.columbusrecoverycenter.com/contact-us/","0","","0","","0","Indexable",""
"https://www.columbusrecoverycenter.com/alcohol-addiction/related/alcohol-blood-pressure/","2","Ways Alcohol Can Affect Blood Pressure","38","Alcohol Use and Blood Pressure Medications","42","Indexable",""
"https://www.columbusrecoverycenter.com/drugs/heroin-addiction/symptoms-side-effects/","2","Heroin Side Effects","19","Heroin Addiction Signs","22","Indexable",""
"https://www.columbusrecoverycenter.com/blog/long-term-effects-marijuana/","2","Short-Term Effects of Marijuana Use","35","Long-Term Effects of Marijuana Use","34","Indexable",""
"https://www.columbusrecoverycenter.com/blog/heroin-withdrawal-what-to-expect/","2","What to Expect With Heroin Withdrawal","37","Detoxing in a Medically-Supervised Environment","46","Indexable",""
"https://www.columbusrecoverycenter.com/blog/adderall-and-alcohol/","2","Can You Take Adderall With Alcohol?","35","Adderall and Alcohol Side Effects","33","Indexable",""
"https://www.columbusrecoverycenter.com/help-teen-with-mental-health-issues/","2","Ways to Help Your Teen","22","The Bottom Line on Teens and Mental Illness","43","Indexable",""
"https://www.columbusrecoverycenter.com/blog/should-ohio-moms-to-be-smoke-pot/","2","The Challenges of Pregnancy","27","Marijuana and Pregnancy ","24","Indexable",""
"https://www.columbusrecoverycenter.com/treatment-programs/residential-rehabilitation/","2","What Is Inpatient or Residential Treatment?","43","Who Needs Residential Treatment?","32","Indexable",""
"https://www.columbusrecoverycenter.com/blog/common-gateway-drugs-in-ohio/","2","What is a Gateway Drug?","23","How Gateway Drugs Lay a Path for Increased Drug Use","51","Indexable",""
"https://www.columbusrecoverycenter.com/drugs/xanax-addiction/","2","Understanding Xanax Addiction","29","Why do people abuse Xanax?","26","Indexable",""
"https://www.columbusrecoverycenter.com/blog/can-couples-therapy-help-you-fight-addiction/","2","What Do Couples Struggle With When One or Both People Are Addicted?","67","How Can Couples Therapy Help?","29","Indexable",""
"https://www.columbusrecoverycenter.com/drugs/oxycontin-addiction/withdrawal-detox/","2","What Causes OxyContin Withdrawal?","33","Symptoms of OxyContin Withdrawal","32","Indexable",""
"https://www.columbusrecoverycenter.com/drugs/benzodiazepine-addiction/withdrawal-detox/","2","Benzo Withdrawal","16","Benzo Withdrawal Timeline","25","Indexable",""
"https://www.columbusrecoverycenter.com/blog/victim-mentality/","2","What Is a Victim Mentality?","27","How Does a Victim Mentality Perpetuate Addiction?","49","Indexable",""
"https://www.columbusrecoverycenter.com/blog/tag/opioids/","1","Narcan: Compass to Healing or Crutch in Addiction?","50","","0","Non-Indexable","noindex"
"https://www.columbusrecoverycenter.com/drugs/hydrocodone-addiction/withdrawal-detox/","2","Hydrocodone Withdrawal Symptoms","31","Hydrocodone Withdrawal Timeline","31","Indexable",""
"https://www.columbusrecoverycenter.com/blog/force-person-addiction-treatment/","2","Understanding the Law","21","Effectiveness of Forced Treatment","33","Indexable",""
"https://www.columbusrecoverycenter.com/blog/5-top-risk-factors-for-opioid-addiction-in-columbus/","2","1. Health Issues and High Rates of Opioid Painkiller Prescription","65","2. Opioids in the Home","22","Indexable",""
"https://www.columbusrecoverycenter.com/steroid-abuse/","2","A Brief History of Steroids","27","Adverse Side Effects of Steroid Use","35","Indexable",""
"https://www.columbusrecoverycenter.com/blog/longevity-of-norco-in-the-body/","2","What Is Norco?","14","How Long Does Norco Take to Work?","33","Indexable",""
"https://www.columbusrecoverycenter.com/blog/why-avoiding-sugar-in-addiction-treatment-is-beneficial/","2","Sugar Intake May Lead to Increased Drug Misuse","46","Why Sugar Intake Should Be Limited in Rehab","43","Indexable",""
"https://www.columbusrecoverycenter.com/outreach/","1","Ohio Community Outreach Team","28","","0","Indexable",""
"https://www.columbusrecoverycenter.com/blog/how-long-are-opiates-in-your-system/","2","What Are Opiates?","17","Types of Opiates","16","Indexable",""
"https://www.columbusrecoverycenter.com/drugs/trazodone-addiction/treatment-rehab/","2","Trazodone Treatment Options","27","How Long is Trazodone Treatment?","32","Indexable",""
"https://www.columbusrecoverycenter.com/drugs/meth-addiction/","2","Meth Abuse in Ohio","18","Understanding Meth Addiction","28","Indexable",""
"https://www.columbusrecoverycenter.com/blog/addiction-recovery-quotes/","0","","0","","0","Indexable",""
"https://www.columbusrecoverycenter.com/fortitude/ptsd-treatment-for-first-responders/","2","What Is PTSD?","13","PTSD in First Responders","24","Indexable",""
"https://www.columbusrecoverycenter.com/blog/signs-of-alcoholism/","2","Alcohol Abuse Versus Alcoholism","31","Early Signs of Alcoholism","25","Indexable",""
"https://www.columbusrecoverycenter.com/drugs/heroin-addiction/withdrawal-detox/","2","Heroin Withdrawal","17","Heroin Withdrawal Symptoms","26","Indexable",""
"https://www.columbusrecoverycenter.com/our-team/amy-cochran/","1","Director of Nursing","19","","0","Indexable",""
"https://www.columbusrecoverycenter.com/blog/longevity-of-salvia-in-your-system/","2","Factors that Determine How Long Salvia May Stay in Your System","62","Does Salvia Show on a Drug Test?","32","Indexable",""
"https://www.columbusrecoverycenter.com/treatment-programs/intensive-outpatient/","2","What Is an Intensive Outpatient Program?","40","Who Needs Intensive Outpatient Programming?","43","Indexable",""
"https://www.columbusrecoverycenter.com/blog/pet-owners-have-hard-time-getting-prescriptions-for-pets/","2","Minnesota Opioid Prescribing Laws Change","40","Pet Owners Struggle to Get Prescriptions Filled","47","Indexable",""
"https://www.columbusrecoverycenter.com/blog/understanding-percocet-addiction-in-ohio/","2","What Are the Signs and Symptoms of Percocet Addiction?","54","What Are the Long-Term Effects of Percocet Addiction?","53","Indexable",""
"https://www.columbusrecoverycenter.com/blog/addiction-mental-illness-two-go-hand-hand-ohio/","2","Causes of Co-Morbidity and Dual Diagnosis ","42","Nature vs. Nurture","18","Indexable",""
"https://www.columbusrecoverycenter.com/treatment-programs/outpatient/","2","What Is Outpatient Drug & Alcohol Treatment?","44","Who Needs Outpatient Addiction Treatment?","41","Indexable",""
"https://www.columbusrecoverycenter.com/drugs/cocaine-addiction/related/cocaine-psychosis/","2","Why Cocaine Can Induce Psychosis","32","Cocaine-Induced Psychosis Symptoms","34","Indexable",""
"https://www.columbusrecoverycenter.com/blog/the-significance-of-ohios-addiction-treatment-workforce/","2","Addiction’s Impact on Ohio Communities","38","The Role of Addiction Specialists","33","Indexable",""
"https://www.columbusrecoverycenter.com/blog/tag/schools/","1","Schools Stock Narcan in Response to Ohio Opioid Epidemic","56","","0","Non-Indexable","noindex"
"https://www.columbusrecoverycenter.com/drugs/amphetamines-addiction/withdrawal-detox/","2","Amphetamine Withdrawal Symptoms","31","Amphetamine Withdrawal Timeline","31","Indexable",""
