"Address","Errors","Warnings","Total Types","Unique Types","Type-1","Indexability","Indexability Status"
"https://www.columbusrecoverycenter.com/","0","0","0","0","","Indexable",""
"https://www.columbusrecoverycenter.com/admissions/checklist/","0","0","0","0","","Indexable",""
"https://www.columbusrecoverycenter.com/admissions/","0","0","0","0","","Indexable",""
"https://www.columbusrecoverycenter.com/treatment-programs/outpatient/","0","0","0","0","","Indexable",""
"https://www.columbusrecoverycenter.com/ohio-rehab/mansfield/","0","0","0","0","","Indexable",""
"https://www.columbusrecoverycenter.com/ohio-rehab/toledo/","0","0","0","0","","Indexable",""
"https://www.columbusrecoverycenter.com/ohio-rehab/groveport/","0","0","0","0","","Indexable",""
"https://www.columbusrecoverycenter.com/privacy-policy/","0","0","0","0","","Indexable",""
"https://www.columbusrecoverycenter.com/depression-resource-guide/","0","0","0","0","","Indexable",""
"https://www.columbusrecoverycenter.com/drugs/","0","0","0","0","","Indexable",""
"https://www.columbusrecoverycenter.com/prescription-drug-abuse-in-america/","0","0","0","0","","Indexable",""
"https://www.columbusrecoverycenter.com/treatment-programs/intensive-outpatient/","0","0","0","0","","Indexable",""
"https://www.columbusrecoverycenter.com/ohio-rehab/cleveland/","0","0","0","0","","Indexable",""
"https://www.columbusrecoverycenter.com/our-team/","0","0","0","0","","Indexable",""
"https://www.columbusrecoverycenter.com/treatment-programs/partial-hospitalization/","0","0","0","0","","Indexable",""
"https://www.columbusrecoverycenter.com/ohio-rehab/springfield/","0","0","0","0","","Indexable",""
"https://www.columbusrecoverycenter.com/ohio-rehab/dayton/","0","0","0","0","","Indexable",""
"https://www.columbusrecoverycenter.com/treatment-programs/","0","0","0","0","","Indexable",""
"https://www.columbusrecoverycenter.com/ohio-rehab/lorain/","0","0","0","0","","Indexable",""
"https://www.columbusrecoverycenter.com/treatment-programs/aftercare/","0","0","0","0","","Indexable",""
"https://www.columbusrecoverycenter.com/treatment-programs/residential-rehabilitation/","0","0","0","0","","Indexable",""
"https://www.columbusrecoverycenter.com/online-terms-conditions-use/","0","0","0","0","","Indexable",""
"https://www.columbusrecoverycenter.com/veterans/","0","0","0","0","","Indexable",""
"https://www.columbusrecoverycenter.com/continuing-education/","0","0","0","0","","Non-Indexable","Canonicalised"
"https://www.columbusrecoverycenter.com/drug-addiction-hotline/","0","0","0","0","","Indexable",""
"https://www.columbusrecoverycenter.com/ohio-rehab/canton/","0","0","0","0","","Indexable",""
"https://www.columbusrecoverycenter.com/recovery-blog/","0","0","0","0","","Indexable",""
"https://www.columbusrecoverycenter.com/blog/adderall-and-alcohol/","0","0","0","0","","Indexable",""
"https://www.columbusrecoverycenter.com/facility/","0","0","0","0","","Indexable",""
"https://www.columbusrecoverycenter.com/alcohol-addiction-resource-guide/","0","0","0","0","","Indexable",""
"https://www.columbusrecoverycenter.com/admissions/faqs/","0","0","0","0","","Indexable",""
"https://www.columbusrecoverycenter.com/admissions/insurance/","0","0","0","0","","Indexable",""
"https://www.columbusrecoverycenter.com/ohio-rehab/newark/","0","0","0","0","","Indexable",""
"https://www.columbusrecoverycenter.com/marijuana-abuse-resources/","0","0","0","0","","Indexable",""
"https://www.columbusrecoverycenter.com/fortitude/","0","0","0","0","","Indexable",""
"https://www.columbusrecoverycenter.com/students/","0","0","0","0","","Indexable",""
"https://www.columbusrecoverycenter.com/about/","0","0","0","0","","Indexable",""
"https://www.columbusrecoverycenter.com/online-recovery-meetings/","0","0","0","0","","Non-Indexable","Canonicalised"
"https://www.columbusrecoverycenter.com/ohio-rehab/marion/","0","0","0","0","","Indexable",""
"https://www.columbusrecoverycenter.com/ohio-rehab/cincinnati/","0","0","0","0","","Indexable",""
"https://www.columbusrecoverycenter.com/outreach/","0","0","0","0","","Indexable",""
"https://www.columbusrecoverycenter.com/treatment-programs/telehealth-app/","0","0","0","0","","Non-Indexable","Canonicalised"
"https://www.columbusrecoverycenter.com/ohio-rehab/westerville/","0","0","0","0","","Indexable",""
"https://www.columbusrecoverycenter.com/ohio-rehab/","0","0","0","0","","Indexable",""
"https://www.columbusrecoverycenter.com/contact-us/","0","0","0","0","","Indexable",""
"https://www.columbusrecoverycenter.com/ohio-rehab/akron/","0","0","0","0","","Indexable",""
"https://www.columbusrecoverycenter.com/treatment-programs/co-occurring-disorders/","0","0","0","0","","Indexable",""
"https://www.columbusrecoverycenter.com/admissions/pricing/","0","0","0","0","","Indexable",""
"https://www.columbusrecoverycenter.com/blog/how-long-does-coke-stay-in-system/","0","0","0","0","","Indexable",""
"https://www.columbusrecoverycenter.com/blog/longevity-of-norco-in-the-body/","0","0","0","0","","Indexable",""
"https://www.columbusrecoverycenter.com/treatment-programs/medical-detox/","0","0","0","0","","Indexable",""
"https://www.columbusrecoverycenter.com/notice-privacy-practice/","0","0","0","0","","Indexable",""
"https://www.columbusrecoverycenter.com/treatment-programs/multidisciplinary-approach/","0","0","0","0","","Indexable",""
"https://www.columbusrecoverycenter.com/cdn-cgi/l/email-protection","0","0","0","0","","Non-Indexable","noindex"
"https://www.columbusrecoverycenter.com/ohio-rehab/lima/","0","0","0","0","","Indexable",""
"https://www.columbusrecoverycenter.com/our-team/tiffany-bell/","0","0","0","0","","Indexable",""
"https://www.columbusrecoverycenter.com/editorial/melissa-carmona/","0","0","0","0","","Indexable",""
"https://www.columbusrecoverycenter.com/our-team/robert-fishman/","0","0","0","0","","Indexable",""
"https://www.columbusrecoverycenter.com/editorial/","0","0","0","0","","Indexable",""
"https://www.columbusrecoverycenter.com/editorial/nicole-laneve/","0","0","0","0","","Indexable",""
"https://www.columbusrecoverycenter.com/editorial/kevin-wandler/","0","0","0","0","","Indexable",""
"https://www.columbusrecoverycenter.com/editorial/columbus/","0","0","0","0","","Indexable",""
"https://www.columbusrecoverycenter.com/editorial/nanci-stockwell/","0","0","0","0","","Indexable",""
"https://www.columbusrecoverycenter.com/drugs/cocaine-addiction/","0","0","0","0","","Indexable",""
"https://www.columbusrecoverycenter.com/drugs/xanax-addiction/","0","0","0","0","","Indexable",""
"https://www.columbusrecoverycenter.com/drugs/heroin-addiction/","0","0","0","0","","Indexable",""
"https://www.columbusrecoverycenter.com/drugs/marijuana-addiction/","0","0","0","0","","Indexable",""
"https://www.columbusrecoverycenter.com/drugs/fentanyl-addiction/","0","0","0","0","","Indexable",""
"https://www.columbusrecoverycenter.com/drugs/morphine-addiction/","0","0","0","0","","Indexable",""
"https://www.columbusrecoverycenter.com/drugs/benzodiazepine-addiction/","0","0","0","0","","Indexable",""
"https://www.columbusrecoverycenter.com/drugs/opiate-addiction/","0","0","0","0","","Indexable",""
"https://www.columbusrecoverycenter.com/drugs/meth-addiction/","0","0","0","0","","Indexable",""
"https://www.columbusrecoverycenter.com/drugs/hydrocodone-addiction/","0","0","0","0","","Indexable",""
"https://www.columbusrecoverycenter.com/alcohol-addiction/","0","0","0","0","","Indexable",""
"https://www.columbusrecoverycenter.com/drugs/codeine-addiction/","0","0","0","0","","Indexable",""
"https://www.columbusrecoverycenter.com/drugs/gabapentin-addiction/","0","0","0","0","","Indexable",""
"https://www.columbusrecoverycenter.com/drugs/vicodin-addiction/","0","0","0","0","","Indexable",""
"https://www.columbusrecoverycenter.com/drugs/klonopin-addiction/","0","0","0","0","","Indexable",""
"https://www.columbusrecoverycenter.com/drugs/oxycodone-addiction/","0","0","0","0","","Indexable",""
"https://www.columbusrecoverycenter.com/drugs/valium-addiction/","0","0","0","0","","Indexable",""
"https://www.columbusrecoverycenter.com/about-cleveland-ohio/","0","0","0","0","","Indexable",""
"https://www.columbusrecoverycenter.com/drugs/tramadol-addiction/","0","0","0","0","","Indexable",""
"https://www.columbusrecoverycenter.com/our-team/jenna-moran/","0","0","0","0","","Indexable",""
"https://www.columbusrecoverycenter.com/our-team/amy-cochran/","0","0","0","0","","Indexable",""
"https://www.columbusrecoverycenter.com/about-springfield-ohio/","0","0","0","0","","Indexable",""
"https://www.columbusrecoverycenter.com/about-canton-ohio/","0","0","0","0","","Indexable",""
"https://www.columbusrecoverycenter.com/recovery-blog/page/23/","0","0","0","0","","Indexable",""
"https://www.columbusrecoverycenter.com/blog/category/uncategorized/","0","0","0","0","","Non-Indexable","noindex"
"https://www.columbusrecoverycenter.com/blog/difference-between-norco-and-vicodin/","0","0","0","0","","Indexable",""
"https://www.columbusrecoverycenter.com/blog/category/addiction/","0","0","0","0","","Non-Indexable","noindex"
"https://www.columbusrecoverycenter.com/blog/long-alcohol-stay-system/","0","0","0","0","","Indexable",""
"https://www.columbusrecoverycenter.com/blog/category/prescription-pills/","0","0","0","0","","Non-Indexable","noindex"
"https://www.columbusrecoverycenter.com/blog/is-molly-the-same-drug-as-ecstasy/","0","0","0","0","","Indexable",""
"https://www.columbusrecoverycenter.com/recovery-blog/page/3/","0","0","0","0","","Indexable",""
"https://www.columbusrecoverycenter.com/blog/how-long-does-kratom-high-last/","0","0","0","0","","Indexable",""
"https://www.columbusrecoverycenter.com/recovery-blog/page/2/","0","0","0","0","","Indexable",""
"https://www.columbusrecoverycenter.com/blog/how-long-does-oxy-stay-in-your-system/","0","0","0","0","","Indexable",""
"https://www.columbusrecoverycenter.com/blog/how-long-does-kratom-stay-in-system/","0","0","0","0","","Indexable",""
"https://www.columbusrecoverycenter.com/blog/how-long-does-percocet-stay-in-your-system/","0","0","0","0","","Indexable",""
"https://www.columbusrecoverycenter.com/drugs/adderall-addiction/","0","0","0","0","","Indexable",""
"https://www.columbusrecoverycenter.com/editorial/jonathan-strum/","0","0","0","0","","Indexable",""
"https://www.columbusrecoverycenter.com/blog/why-is-family-therapy-important-in-ohio-drug-rehab/","0","0","0","0","","Indexable",""
"https://www.columbusrecoverycenter.com/admissions/insurance/blue-cross-blue-shield/","0","0","0","0","","Indexable",""
"https://www.columbusrecoverycenter.com/admissions/insurance/mines-and-associates/","0","0","0","0","","Indexable",""
"https://www.columbusrecoverycenter.com/admissions/insurance/humana/","0","0","0","0","","Indexable",""
"https://www.columbusrecoverycenter.com/admissions/insurance/cigna/","0","0","0","0","","Indexable",""
"https://www.columbusrecoverycenter.com/admissions/insurance/health-choice/","0","0","0","0","","Indexable",""
"https://www.columbusrecoverycenter.com/alcohol-addiction/related/signs-alcohol-poisoning/","0","0","0","0","","Indexable",""
"https://www.columbusrecoverycenter.com/students/which-substances-do-ohio-students-use/","0","0","0","0","","Indexable",""
"https://www.columbusrecoverycenter.com/students/how-to-help/","0","0","0","0","","Indexable",""
"https://www.columbusrecoverycenter.com/outreach/cassidy-smith/","0","0","0","0","","Indexable",""
"https://www.columbusrecoverycenter.com/outreach/dwight-thompson/","0","0","0","0","","Indexable",""
"https://www.columbusrecoverycenter.com/outreach/emily-flatt/","0","0","0","0","","Indexable",""
"https://www.columbusrecoverycenter.com/ohio-rehab/hudson/","0","0","0","0","","Indexable",""
"https://www.columbusrecoverycenter.com/ohio-rehab/youngstown/","0","0","0","0","","Indexable",""
"https://www.columbusrecoverycenter.com/ohio-rehab/hamilton/","0","0","0","0","","Indexable",""
"https://www.columbusrecoverycenter.com/ohio-rehab/kent/","0","0","0","0","","Indexable",""
"https://www.columbusrecoverycenter.com/ohio-rehab/euclid/","0","0","0","0","","Indexable",""
"https://www.columbusrecoverycenter.com/ohio-rehab/cuyahoga-falls/","0","0","0","0","","Indexable",""
"https://www.columbusrecoverycenter.com/ohio-rehab/massillon/","0","0","0","0","","Indexable",""
"https://www.columbusrecoverycenter.com/ohio-rehab/middletown/","0","0","0","0","","Indexable",""
"https://www.columbusrecoverycenter.com/ohio-rehab/monroe/","0","0","0","0","","Indexable",""
"https://www.columbusrecoverycenter.com/ohio-rehab/warren/","0","0","0","0","","Indexable",""
"https://www.columbusrecoverycenter.com/editorial/jenni-jacobsen/","0","0","0","0","","Indexable",""
"https://www.columbusrecoverycenter.com/editorial/erica-weiman/","0","0","0","0","","Indexable",""
"https://www.columbusrecoverycenter.com/admissions/pricing/no-insurance/","0","0","0","0","","Indexable",""
"https://www.columbusrecoverycenter.com/drugs/cocaine-addiction/symptoms-side-effects/","0","0","0","0","","Indexable",""
"https://www.columbusrecoverycenter.com/drugs/cocaine-addiction/withdrawal-detox/","0","0","0","0","","Indexable",""
"https://www.columbusrecoverycenter.com/editorial/jessica-pyhtila/","0","0","0","0","","Indexable",""
"https://www.columbusrecoverycenter.com/drugs/hydrocodone-addiction/withdrawal-detox/","0","0","0","0","","Indexable",""
"https://www.columbusrecoverycenter.com/blog/history-aa-alcoholics-anonymous-sprouted-akron/","0","0","0","0","","Indexable",""
"https://www.columbusrecoverycenter.com/recovery-blog/page/21/","0","0","0","0","","Indexable",""
"https://www.columbusrecoverycenter.com/recovery-blog/page/22/","0","0","0","0","","Indexable",""
"https://www.columbusrecoverycenter.com/blog/new-day-ohio-recovery-village-columbus-now-open/","0","0","0","0","","Indexable",""
"https://www.columbusrecoverycenter.com/blog/narcan-compass-healing-crutch-addiction/","0","0","0","0","","Indexable",""
"https://www.columbusrecoverycenter.com/blog/patient-treatment-necessary-ohio-heroin-addicts/","0","0","0","0","","Indexable",""
"https://www.columbusrecoverycenter.com/blog/can-you-be-born-an-addict/","0","0","0","0","","Indexable",""
"https://www.columbusrecoverycenter.com/blog/ohio-addicts-straining-emergency-rooms-across-state/","0","0","0","0","","Indexable",""
"https://www.columbusrecoverycenter.com/blog/schools-stock-narcan-in-response-to-ohio-opioid-epidemic/","0","0","0","0","","Indexable",""
"https://www.columbusrecoverycenter.com/blog/things-you-might-not-know-about-buckeyes-and-opioids/","0","0","0","0","","Indexable",""
"https://www.columbusrecoverycenter.com/blog/category/uncategorized/page/2/","0","0","0","0","","Non-Indexable","noindex"
"https://www.columbusrecoverycenter.com/blog/isotonitazene/","0","0","0","0","","Indexable",""
"https://www.columbusrecoverycenter.com/blog/category/uncategorized/page/3/","0","0","0","0","","Non-Indexable","noindex"
"https://www.columbusrecoverycenter.com/blog/category/uncategorized/page/9/","0","0","0","0","","Non-Indexable","noindex"
"https://www.columbusrecoverycenter.com/blog/how-ohio-is-combating-the-opioid-crisis/","0","0","0","0","","Indexable",""
"https://www.columbusrecoverycenter.com/blog/teenage-mental-health-during-covid/","0","0","0","0","","Indexable",""
"https://www.columbusrecoverycenter.com/blog/category/addiction/page/7/","0","0","0","0","","Non-Indexable","noindex"
"https://www.columbusrecoverycenter.com/blog/category/addiction/page/3/","0","0","0","0","","Non-Indexable","noindex"
"https://www.columbusrecoverycenter.com/blog/category/addiction/page/2/","0","0","0","0","","Non-Indexable","noindex"
"https://www.columbusrecoverycenter.com/blog/what-is-vivitrol/","0","0","0","0","","Indexable",""
"https://www.columbusrecoverycenter.com/recovery-blog/page/4/","0","0","0","0","","Indexable",""
"https://www.columbusrecoverycenter.com/blog/how-to-dispose-of-unused-meds-in-ohio/","0","0","0","0","","Indexable",""
"https://www.columbusrecoverycenter.com/drugs/kratom-addiction/","0","0","0","0","","Indexable",""
"https://www.columbusrecoverycenter.com/drugs/ecstasy-addiction/","0","0","0","0","","Indexable",""
"https://www.columbusrecoverycenter.com/drugs/kratom-addiction/withdrawal-detox/","0","0","0","0","","Indexable",""
"https://www.columbusrecoverycenter.com/blog/prep-for-the-holidays-treatment-recovery/","0","0","0","0","","Indexable",""
"https://www.columbusrecoverycenter.com/drugs/kratom-addiction/symptoms-side-effects/","0","0","0","0","","Indexable",""
"https://www.columbusrecoverycenter.com/drugs/kratom-addiction/treatment-rehab/","0","0","0","0","","Indexable",""
"https://www.columbusrecoverycenter.com/drugs/methadone-addiction/","0","0","0","0","","Indexable",""
"https://www.columbusrecoverycenter.com/drugs/oxycodone-addiction/treatment-rehab/","0","0","0","0","","Indexable",""
"https://www.columbusrecoverycenter.com/blog/xylazine-drug-abuse-in-ohio/","0","0","0","0","","Indexable",""
"https://www.columbusrecoverycenter.com/drugs/oxycodone-addiction/withdrawal-detox/","0","0","0","0","","Indexable",""
"https://www.columbusrecoverycenter.com/drugs/percocet-addiction/withdrawal-detox/","0","0","0","0","","Indexable",""
"https://www.columbusrecoverycenter.com/blog/cognitive-behavioral-therapy-work-ohio-drug-rehab/","0","0","0","0","","Indexable",""
"https://www.columbusrecoverycenter.com/blog/tag/rehab/","0","0","0","0","","Non-Indexable","noindex"
"https://www.columbusrecoverycenter.com/blog/tag/ohio/","0","0","0","0","","Non-Indexable","noindex"
"https://www.columbusrecoverycenter.com/blog/category/drug-rehab/","0","0","0","0","","Non-Indexable","noindex"
"https://www.columbusrecoverycenter.com/drugs/adderall-addiction/withdrawal-detox/","0","0","0","0","","Indexable",""
"https://www.columbusrecoverycenter.com/about-lorain-ohio/","0","0","0","0","","Indexable",""
"https://www.columbusrecoverycenter.com/about-youngstown-ohio/","0","0","0","0","","Indexable",""
"https://www.columbusrecoverycenter.com/drugs/cocaine-addiction/treatment-rehab/","0","0","0","0","","Indexable",""
"https://www.columbusrecoverycenter.com/fortitude/ptsd-treatment-for-first-responders/psychoeducation-for-ptsd/","0","0","0","0","","Indexable",""
"https://www.columbusrecoverycenter.com/drugs/gabapentin-addiction/treatment-rehab/","0","0","0","0","","Indexable",""
"https://www.columbusrecoverycenter.com/drugs/oxycontin-addiction/treatment-rehab/","0","0","0","0","","Indexable",""
"https://www.columbusrecoverycenter.com/drugs/codeine-addiction/withdrawal-detox/","0","0","0","0","","Indexable",""
"https://www.columbusrecoverycenter.com/drugs/gabapentin-addiction/withdrawal-detox/","0","0","0","0","","Indexable",""
"https://www.columbusrecoverycenter.com/drugs/cocaine-addiction/cocaine-faqs/can-you-overdose-cocaine/","0","0","0","0","","Indexable",""
"https://www.columbusrecoverycenter.com/drugs/cocaine-addiction/related/cocaine-psychosis/","0","0","0","0","","Indexable",""
"https://www.columbusrecoverycenter.com/drugs/cocaine-addiction/related/cocaine-alcohol/","0","0","0","0","","Indexable",""
"https://www.columbusrecoverycenter.com/alcohol-addiction/gray-area-drinking/","0","0","0","0","","Indexable",""
"https://www.columbusrecoverycenter.com/blog/does-codeine-show-up-in-a-drug-test/","0","0","0","0","","Indexable",""
"https://www.columbusrecoverycenter.com/blog/kratom-and-alcohol/","0","0","0","0","","Indexable",""
"https://www.columbusrecoverycenter.com/drugs/cocaine-addiction/related/cocaine-nose/","0","0","0","0","","Indexable",""
"https://www.columbusrecoverycenter.com/blog/how-trv-columbus-supports-ohio-alumni/","0","0","0","0","","Indexable",""
"https://www.columbusrecoverycenter.com/blog/longevity-of-salvia-in-your-system/","0","0","0","0","","Indexable",""
"https://www.columbusrecoverycenter.com/blog/what-does-norco-look-like/","0","0","0","0","","Indexable",""
"https://www.columbusrecoverycenter.com/blog/supporting-employees-with-bipolar-disorder/","0","0","0","0","","Indexable",""
"https://www.columbusrecoverycenter.com/blog/how-covid-impacts-ocd-intrusive-thoughts/","0","0","0","0","","Indexable",""
"https://www.columbusrecoverycenter.com/fortitude/ptsd-treatment-for-first-responders/cbt/","0","0","0","0","","Indexable",""
"https://www.columbusrecoverycenter.com/fortitude/ptsd-treatment-for-first-responders/emdr/","0","0","0","0","","Indexable",""
"https://www.columbusrecoverycenter.com/fortitude/ptsd-treatment-for-first-responders/cpt/","0","0","0","0","","Indexable",""
"https://www.columbusrecoverycenter.com/blog/the-significance-of-ohios-addiction-treatment-workforce/","0","0","0","0","","Indexable",""
"https://www.columbusrecoverycenter.com/fortitude/ptsd-treatment-for-first-responders/motivational-interviewing/","0","0","0","0","","Indexable",""
"https://www.columbusrecoverycenter.com/alcohol-addiction/treatment-rehab/","0","0","0","0","","Indexable",""
"https://www.columbusrecoverycenter.com/blog/what-is-narcan-naloxone/","0","0","0","0","","Indexable",""
"https://www.columbusrecoverycenter.com/editorial/kate-dube/","0","0","0","0","","Indexable",""
"https://www.columbusrecoverycenter.com/fortitude/ptsd-treatment-for-first-responders/","0","0","0","0","","Indexable",""
"https://www.columbusrecoverycenter.com/editorial/erika-krull/","0","0","0","0","","Indexable",""
"https://www.columbusrecoverycenter.com/editorial/benjamin-caleb-williams/","0","0","0","0","","Indexable",""
"https://www.columbusrecoverycenter.com/blog/snorting-norco/","0","0","0","0","","Indexable",""
"https://www.columbusrecoverycenter.com/blog/tramadol-and-alcohol/","0","0","0","0","","Indexable",""
"https://www.columbusrecoverycenter.com/blog/u-47700-pink/","0","0","0","0","","Indexable",""
"https://www.columbusrecoverycenter.com/drugs/effexor-addiction/","0","0","0","0","","Indexable",""
"https://www.columbusrecoverycenter.com/drugs/meth-addiction/treatment-rehab/","0","0","0","0","","Indexable",""
"https://www.columbusrecoverycenter.com/drugs/fentanyl-addiction/treatment-rehab/","0","0","0","0","","Indexable",""
"https://www.columbusrecoverycenter.com/alcohol-addiction/related/alcohol-and-brain-damage/","0","0","0","0","","Indexable",""
"https://www.columbusrecoverycenter.com/drugs/trazodone-addiction/withdrawal-detox/","0","0","0","0","","Indexable",""
"https://www.columbusrecoverycenter.com/drugs/effexor-addiction/withdrawal-detox/","0","0","0","0","","Indexable",""
"https://www.columbusrecoverycenter.com/alcohol-addiction/binge-drinking/","0","0","0","0","","Indexable",""
"https://www.columbusrecoverycenter.com/blog/long-term-effects-marijuana/","0","0","0","0","","Indexable",""
"https://www.columbusrecoverycenter.com/drugs/ambien-addiction/","0","0","0","0","","Indexable",""
"https://www.columbusrecoverycenter.com/drugs/xanax-addiction/treatment-rehab/","0","0","0","0","","Indexable",""
"https://www.columbusrecoverycenter.com/blog/exploring-the-four-pillars-of-successful-long-term-addiction-recovery/","0","0","0","0","","Indexable",""
"https://www.columbusrecoverycenter.com/blog/meth-mixed-with-fentanyl/","0","0","0","0","","Indexable",""
"https://www.columbusrecoverycenter.com/drugs/xanax-addiction/withdrawal-detox/","0","0","0","0","","Indexable",""
"https://www.columbusrecoverycenter.com/treatment-programs/substance-abuse-counseling/","0","0","0","0","","Indexable",""
"https://www.columbusrecoverycenter.com/drugs/heroin-addiction/symptoms-side-effects/","0","0","0","0","","Indexable",""
"https://www.columbusrecoverycenter.com/blog/marijuana-use-can-increase-chances-of-cancer/","0","0","0","0","","Indexable",""
"https://www.columbusrecoverycenter.com/drugs/heroin-addiction/withdrawal-detox/","0","0","0","0","","Indexable",""
"https://www.columbusrecoverycenter.com/drugs/benzodiazepine-addiction/withdrawal-detox/","0","0","0","0","","Indexable",""
"https://www.columbusrecoverycenter.com/drugs/xanax-addiction/symptoms-side-effects/","0","0","0","0","","Indexable",""
"https://www.columbusrecoverycenter.com/drugs/fentanyl-addiction/overdose/","0","0","0","0","","Indexable",""
"https://www.columbusrecoverycenter.com/drugs/fentanyl-addiction/withdrawal-detox/","0","0","0","0","","Indexable",""
"https://www.columbusrecoverycenter.com/drugs/benzodiazepine-addiction/treatment-rehab/","0","0","0","0","","Indexable",""
"https://www.columbusrecoverycenter.com/drugs/opiate-addiction/withdrawal-detox/","0","0","0","0","","Indexable",""
"https://www.columbusrecoverycenter.com/blog/ativan-addiction-what-ohio-residents-should-know/","0","0","0","0","","Indexable",""
"https://www.columbusrecoverycenter.com/drugs/opiate-addiction/symptoms-side-effects/","0","0","0","0","","Indexable",""
"https://www.columbusrecoverycenter.com/drugs/meth-addiction/symptoms-side-effects/","0","0","0","0","","Indexable",""
"https://www.columbusrecoverycenter.com/drugs/meth-addiction/withdrawal-detox/","0","0","0","0","","Indexable",""
"https://www.columbusrecoverycenter.com/drugs/norco-addiction/","0","0","0","0","","Indexable",""
"https://www.columbusrecoverycenter.com/drugs/hydrocodone-addiction/symptoms-side-effects/","0","0","0","0","","Indexable",""
"https://www.columbusrecoverycenter.com/blog/use-services-interventionist-ohio/","0","0","0","0","","Indexable",""
"https://www.columbusrecoverycenter.com/alcohol-addiction/withdrawal-detox/","0","0","0","0","","Indexable",""
"https://www.columbusrecoverycenter.com/alcohol-addiction/related/alcohol-detox-diet/","0","0","0","0","","Indexable",""
"https://www.columbusrecoverycenter.com/alcohol-addiction/related/","0","0","0","0","","Indexable",""
"https://www.columbusrecoverycenter.com/drugs/hydrocodone-addiction/treatment-rehab/","0","0","0","0","","Indexable",""
"https://www.columbusrecoverycenter.com/drugs/klonopin-addiction/treatment-rehab/","0","0","0","0","","Indexable",""
"https://www.columbusrecoverycenter.com/drugs/oxycontin-addiction/","0","0","0","0","","Indexable",""
"https://www.columbusrecoverycenter.com/drugs/oxycodone-addiction/symptoms-side-effects/","0","0","0","0","","Indexable",""
"https://www.columbusrecoverycenter.com/drugs/percocet-addiction/","0","0","0","0","","Indexable",""
"https://www.columbusrecoverycenter.com/teen-addiction-resources/","0","0","0","0","","Indexable",""
"https://www.columbusrecoverycenter.com/alcohol-addiction/related/alcohol-memory/","0","0","0","0","","Indexable",""
"https://www.columbusrecoverycenter.com/blog/signs-of-alcoholism/","0","0","0","0","","Indexable",""
"https://www.columbusrecoverycenter.com/blog/alcohol-withdrawal-timeline/","0","0","0","0","","Indexable",""
"https://www.columbusrecoverycenter.com/alcohol-addiction/related/withdrawal-delirium-tremens/","0","0","0","0","","Indexable",""
"https://www.columbusrecoverycenter.com/alcohol-addiction/related/alcohol-detox-remedies/","0","0","0","0","","Indexable",""
"https://www.columbusrecoverycenter.com/alcohol-addiction/related/alcohol-blood-sugar/","0","0","0","0","","Indexable",""
"https://www.columbusrecoverycenter.com/drugs/effexor-addiction/symptoms-side-effects/","0","0","0","0","","Indexable",""
"https://www.columbusrecoverycenter.com/alcohol-addiction/related/alcohol-kidneys/","0","0","0","0","","Indexable",""
"https://www.columbusrecoverycenter.com/alcohol-addiction/related/alcohol-seizures/","0","0","0","0","","Indexable",""
"https://www.columbusrecoverycenter.com/blog/effects-of-alcohol-on-body/","0","0","0","0","","Indexable",""
"https://www.columbusrecoverycenter.com/drugs/trazodone-addiction/","0","0","0","0","","Indexable",""
"https://www.columbusrecoverycenter.com/drugs/marijuana-addiction/treatment-rehab/","0","0","0","0","","Indexable",""
"https://www.columbusrecoverycenter.com/drugs/ambien-addiction/withdrawal-detox/","0","0","0","0","","Indexable",""
"https://www.columbusrecoverycenter.com/drugs/ambien-addiction/treatment-rehab/","0","0","0","0","","Indexable",""
"https://www.columbusrecoverycenter.com/blog/tag/alcoholic/","0","0","0","0","","Non-Indexable","noindex"
"https://www.columbusrecoverycenter.com/blog/tag/aa/","0","0","0","0","","Non-Indexable","noindex"
"https://www.columbusrecoverycenter.com/blog/tag/akron/","0","0","0","0","","Non-Indexable","noindex"
"https://www.columbusrecoverycenter.com/blog/tag/alcoholics-anonymous/","0","0","0","0","","Non-Indexable","noindex"
"https://www.columbusrecoverycenter.com/blog/ohio-dart-program-works-fight-opioid-addiction-one-person-time/","0","0","0","0","","Indexable",""
"https://www.columbusrecoverycenter.com/blog/successful-sobriety-strong-support-network-ohio/","0","0","0","0","","Indexable",""
"https://www.columbusrecoverycenter.com/blog/substance-abuse-domestic-violence-volatile-mix-ohio/","0","0","0","0","","Indexable",""
"https://www.columbusrecoverycenter.com/blog/high-cost-ohio-kids-addicted-parents-pay/","0","0","0","0","","Indexable",""
"https://www.columbusrecoverycenter.com/blog/help-pregnant-women-ohio-addiction-recovery/","0","0","0","0","","Indexable",""
"https://www.columbusrecoverycenter.com/blog/bullying-leads-substance-abuse-ohios-kids/","0","0","0","0","","Indexable",""
"https://www.columbusrecoverycenter.com/recovery-blog/page/20/","0","0","0","0","","Indexable",""
"https://www.columbusrecoverycenter.com/blog/alcoholism-rise-among-elderly-ohio/","0","0","0","0","","Indexable",""
"https://www.columbusrecoverycenter.com/blog/fentanyl-cocaine-nightmare-mix/","0","0","0","0","","Indexable",""
"https://www.columbusrecoverycenter.com/blog/ohio-dept-higher-education-considering-adding-substance-abuse-prevention-curriculum/","0","0","0","0","","Indexable",""
"https://www.columbusrecoverycenter.com/blog/ohio-county-offers-vivitrol-inmates-fight-opioid-crisis/","0","0","0","0","","Indexable",""
"https://www.columbusrecoverycenter.com/blog/gray-death-causing-serious-concern-ohio-addicts/","0","0","0","0","","Indexable",""
"https://www.columbusrecoverycenter.com/blog/gambling-addiction-childhood-trauma-ohio-residents-know/","0","0","0","0","","Indexable",""
"https://www.columbusrecoverycenter.com/blog/columbus-crack-addiction-rise/","0","0","0","0","","Indexable",""
"https://www.columbusrecoverycenter.com/blog/ohio-employers-grappling-addiction-workplace/","0","0","0","0","","Indexable",""
"https://www.columbusrecoverycenter.com/blog/deal-anger-ohio-rehab/","0","0","0","0","","Indexable",""
"https://www.columbusrecoverycenter.com/blog/spice-dangerous-ohio-residents/","0","0","0","0","","Indexable",""
"https://www.columbusrecoverycenter.com/blog/religion-spirituality-play-role-ohio-addiction-recovery/","0","0","0","0","","Indexable",""
"https://www.columbusrecoverycenter.com/blog/happens-job/","0","0","0","0","","Indexable",""
"https://www.columbusrecoverycenter.com/blog/happens-smart-recovery-ohio/","0","0","0","0","","Indexable",""
"https://www.columbusrecoverycenter.com/blog/tag/narcan/","0","0","0","0","","Non-Indexable","noindex"
"https://www.columbusrecoverycenter.com/blog/driving-influence-opioids/","0","0","0","0","","Indexable",""
"https://www.columbusrecoverycenter.com/blog/tag/opioids/","0","0","0","0","","Non-Indexable","noindex"
"https://www.columbusrecoverycenter.com/blog/tag/addiction/","0","0","0","0","","Non-Indexable","noindex"
"https://www.columbusrecoverycenter.com/blog/tag/drugs/","0","0","0","0","","Non-Indexable","noindex"
"https://www.columbusrecoverycenter.com/blog/tag/overdose/","0","0","0","0","","Non-Indexable","noindex"
"https://www.columbusrecoverycenter.com/blog/tag/withdrawal/","0","0","0","0","","Non-Indexable","noindex"
"https://www.columbusrecoverycenter.com/blog/tag/opioid/","0","0","0","0","","Non-Indexable","noindex"
"https://www.columbusrecoverycenter.com/blog/tag/babies/","0","0","0","0","","Non-Indexable","noindex"
"https://www.columbusrecoverycenter.com/blog/tag/nas/","0","0","0","0","","Non-Indexable","noindex"
"https://www.columbusrecoverycenter.com/blog/tag/neonatal/","0","0","0","0","","Non-Indexable","noindex"
"https://www.columbusrecoverycenter.com/blog/tag/substance-abuse/","0","0","0","0","","Non-Indexable","noindex"
"https://www.columbusrecoverycenter.com/blog/tag/opioid-overdose/","0","0","0","0","","Non-Indexable","noindex"
"https://www.columbusrecoverycenter.com/blog/tag/schools/","0","0","0","0","","Non-Indexable","noindex"
"https://www.columbusrecoverycenter.com/blog/tag/teens/","0","0","0","0","","Non-Indexable","noindex"
"https://www.columbusrecoverycenter.com/blog/tag/heroin-overdose/","0","0","0","0","","Non-Indexable","noindex"
"https://www.columbusrecoverycenter.com/blog/drug-and-alcohol-treatment-during-coronavirus/","0","0","0","0","","Indexable",""
"https://www.columbusrecoverycenter.com/blog/support-your-loved-ones-recovery/","0","0","0","0","","Indexable",""
"https://www.columbusrecoverycenter.com/blog/drug-use-surge-during-pandemic/","0","0","0","0","","Indexable",""
"https://www.columbusrecoverycenter.com/blog/sober-october/","0","0","0","0","","Indexable",""
"https://www.columbusrecoverycenter.com/blog/winter-in-recovery/","0","0","0","0","","Indexable",""
"https://www.columbusrecoverycenter.com/drugs/benzodiazepine-addiction/symptoms-side-effects/","0","0","0","0","","Indexable",""
"https://www.columbusrecoverycenter.com/blog/recovery-month-ohio/","0","0","0","0","","Indexable",""
"https://www.columbusrecoverycenter.com/blog/understanding-marijuana-laws-in-ohio/","0","0","0","0","","Indexable",""
"https://www.columbusrecoverycenter.com/drugs/gabapentin-addiction/symptoms-side-effects/","0","0","0","0","","Indexable",""
"https://www.columbusrecoverycenter.com/blog/dealing-paws-ohio-drug-rehab/","0","0","0","0","","Indexable",""
"https://www.columbusrecoverycenter.com/blog/category/drug-rehab/page/3/","0","0","0","0","","Non-Indexable","noindex"
"https://www.columbusrecoverycenter.com/blog/common-gateway-drugs-in-ohio/","0","0","0","0","","Indexable",""
"https://www.columbusrecoverycenter.com/blog/what-is-codependency-and-how-can-you-stop-it/","0","0","0","0","","Indexable",""
"https://www.columbusrecoverycenter.com/blog/category/drug-rehab/page/8/","0","0","0","0","","Non-Indexable","noindex"
"https://www.columbusrecoverycenter.com/blog/category/drug-rehab/page/2/","0","0","0","0","","Non-Indexable","noindex"
"https://www.columbusrecoverycenter.com/blog/ohio-residents-ask-can-i-join-the-military-after-addiction-treatment/","0","0","0","0","","Indexable",""
"https://www.columbusrecoverycenter.com/blog/how-to-find-support-for-mental-illness-and-substance-abuse-in-the-ohio-lgbt-community/","0","0","0","0","","Indexable",""
"https://www.columbusrecoverycenter.com/blog/tag/ohio/page/2/","0","0","0","0","","Non-Indexable","noindex"
"https://www.columbusrecoverycenter.com/blog/city-on-the-edge-a-closer-look-at-cleveland-drug-trends/","0","0","0","0","","Indexable",""
"https://www.columbusrecoverycenter.com/blog/tag/rehab/page/6/","0","0","0","0","","Non-Indexable","noindex"
"https://www.columbusrecoverycenter.com/blog/tag/ohio/page/7/","0","0","0","0","","Non-Indexable","noindex"
"https://www.columbusrecoverycenter.com/blog/why-does-peer-support-work-in-ohio-addiction-treatment/","0","0","0","0","","Indexable",""
"https://www.columbusrecoverycenter.com/blog/ohio-employees-ask-should-i-tell-my-employer-i-have-a-substance-use-disorder/","0","0","0","0","","Indexable",""
"https://www.columbusrecoverycenter.com/blog/tag/ohio/page/3/","0","0","0","0","","Non-Indexable","noindex"
"https://www.columbusrecoverycenter.com/blog/toledos-battle-with-heroin-and-fentanyl-where-we-are-now/","0","0","0","0","","Indexable",""
"https://www.columbusrecoverycenter.com/blog/tag/rehab/page/2/","0","0","0","0","","Non-Indexable","noindex"
"https://www.columbusrecoverycenter.com/blog/sober-houses-and-halfway-houses/","0","0","0","0","","Indexable",""
"https://www.columbusrecoverycenter.com/blog/neonatal-abstinence-syndrome-and-babies/","0","0","0","0","","Indexable",""
"https://www.columbusrecoverycenter.com/blog/tag/rehab/page/3/","0","0","0","0","","Non-Indexable","noindex"
"https://www.columbusrecoverycenter.com/blog/can-couples-therapy-help-you-fight-addiction/","0","0","0","0","","Indexable",""
"https://www.columbusrecoverycenter.com/blog/what-is-emdr-and-how-is-it-used-in-ohio-drug-rehab/","0","0","0","0","","Indexable",""
"https://www.columbusrecoverycenter.com/blog/ohio-residents-ask-will-i-be-bored-in-rehab/","0","0","0","0","","Indexable",""
"https://www.columbusrecoverycenter.com/blog/is-willpower-enough-to-fight-addiction/","0","0","0","0","","Indexable",""
"https://www.columbusrecoverycenter.com/blog/exploring-the-dangers-of-bath-salts/","0","0","0","0","","Indexable",""
"https://www.columbusrecoverycenter.com/alcohol-addiction/related/alcohol-blood-pressure/","0","0","0","0","","Indexable",""
"https://www.columbusrecoverycenter.com/alcohol-addiction/related/alcohol-detox-process/","0","0","0","0","","Indexable",""
"https://www.columbusrecoverycenter.com/alcohol-addiction/related/alcohol-detox-at-home/","0","0","0","0","","Indexable",""
"https://www.columbusrecoverycenter.com/blog/understanding-percocet-addiction-in-ohio/","0","0","0","0","","Indexable",""
"https://www.columbusrecoverycenter.com/alcohol-addiction/related/alcohol-recovery-diet/","0","0","0","0","","Indexable",""
"https://www.columbusrecoverycenter.com/alcohol-addiction/related/alcohol-schizophrenia/","0","0","0","0","","Indexable",""
"https://www.columbusrecoverycenter.com/alcohol-addiction/related/alcohol-antidepressants/","0","0","0","0","","Indexable",""
"https://www.columbusrecoverycenter.com/alcohol-addiction/related/alcohol-epilepsy/","0","0","0","0","","Indexable",""
"https://www.columbusrecoverycenter.com/alcohol-addiction/related/alcohol-dieting/","0","0","0","0","","Indexable",""
"https://www.columbusrecoverycenter.com/alcohol-addiction/related/alcohol-withdrawal-treatment-home/","0","0","0","0","","Indexable",""
"https://www.columbusrecoverycenter.com/drugs/oxycontin-addiction/symptoms-side-effects/","0","0","0","0","","Indexable",""
"https://www.columbusrecoverycenter.com/blog/how-addictive-is-dilaudid/","0","0","0","0","","Indexable",""
"https://www.columbusrecoverycenter.com/blog/dayton-sober-movement/","0","0","0","0","","Indexable",""
"https://www.columbusrecoverycenter.com/blog/cardinal-health-billion-pills-eight-years/","0","0","0","0","","Indexable",""
"https://www.columbusrecoverycenter.com/blog/ohio-raises-nicotine-purchase-age-to-21/","0","0","0","0","","Indexable",""
"https://www.columbusrecoverycenter.com/blog/franklin-county-leads-ohio-overdose-deaths/","0","0","0","0","","Indexable",""
"https://www.columbusrecoverycenter.com/blog/sober-halloween/","0","0","0","0","","Indexable",""
"https://www.columbusrecoverycenter.com/blog/online-recovery-meetings/","0","0","0","0","","Non-Indexable","Canonicalised"
"https://www.columbusrecoverycenter.com/blog/columbus-police-to-help-human-trafficking-victims/","0","0","0","0","","Indexable",""
"https://www.columbusrecoverycenter.com/blog/missouri-schools-encouraged-to-offer-narcan/","0","0","0","0","","Indexable",""
"https://www.columbusrecoverycenter.com/blog/meth-replaces-opioid-addiction-west-virginia-town/","0","0","0","0","","Indexable",""
"https://www.columbusrecoverycenter.com/blog/in-network-anthem-blue-cross-blue-shield/","0","0","0","0","","Indexable",""
"https://www.columbusrecoverycenter.com/blog/category/uncategorized/page/4/","0","0","0","0","","Non-Indexable","noindex"
"https://www.columbusrecoverycenter.com/blog/pet-owners-have-hard-time-getting-prescriptions-for-pets/","0","0","0","0","","Indexable",""
"https://www.columbusrecoverycenter.com/blog/category/uncategorized/page/7/","0","0","0","0","","Non-Indexable","noindex"
"https://www.columbusrecoverycenter.com/blog/category/uncategorized/page/8/","0","0","0","0","","Non-Indexable","noindex"
"https://www.columbusrecoverycenter.com/alcohol-addiction/related/alcohol-anxiety/","0","0","0","0","","Indexable",""
"https://www.columbusrecoverycenter.com/blog/ohio-suicide-rates-increase-cdc-study-2019/","0","0","0","0","","Indexable",""
"https://www.columbusrecoverycenter.com/blog/ptsd-addiction-healing-wounds-ohio-drug-rehab/","0","0","0","0","","Indexable",""
"https://www.columbusrecoverycenter.com/blog/spiritual-based-addiction-treatment/","0","0","0","0","","Indexable",""
"https://www.columbusrecoverycenter.com/blog/stds-rise-with-increased-drug-abuse/","0","0","0","0","","Indexable",""
"https://www.columbusrecoverycenter.com/blog/study-launched-genetic-markers-addiction/","0","0","0","0","","Indexable",""
"https://www.columbusrecoverycenter.com/blog/category/addiction/page/5/","0","0","0","0","","Non-Indexable","noindex"
"https://www.columbusrecoverycenter.com/blog/category/addiction/page/6/","0","0","0","0","","Non-Indexable","noindex"
"https://www.columbusrecoverycenter.com/blog/finding-addiction-treatment-through-eap-programs/","0","0","0","0","","Indexable",""
"https://www.columbusrecoverycenter.com/blog/why-avoiding-sugar-in-addiction-treatment-is-beneficial/","0","0","0","0","","Indexable",""
"https://www.columbusrecoverycenter.com/blog/telling-children-about-addiction/","0","0","0","0","","Indexable",""
"https://www.columbusrecoverycenter.com/blog/guide-to-court-ordered-addiction-treatment/","0","0","0","0","","Indexable",""
"https://www.columbusrecoverycenter.com/blog/category/addiction/page/4/","0","0","0","0","","Non-Indexable","noindex"
"https://www.columbusrecoverycenter.com/blog/common-barriers-addiction-treatment/","0","0","0","0","","Indexable",""
"https://www.columbusrecoverycenter.com/blog/is-fioricet-habit-forming/","0","0","0","0","","Indexable",""
"https://www.columbusrecoverycenter.com/blog/teletherapy/","0","0","0","0","","Indexable",""
"https://www.columbusrecoverycenter.com/blog/tag/pills/","0","0","0","0","","Non-Indexable","noindex"
"https://www.columbusrecoverycenter.com/drugs/ecstasy-addiction/treatment-rehab/","0","0","0","0","","Indexable",""
"https://www.columbusrecoverycenter.com/drugs/suboxone-addiction/","0","0","0","0","","Indexable",""
"https://www.columbusrecoverycenter.com/recovery-blog/page/5/","0","0","0","0","","Indexable",""
"https://www.columbusrecoverycenter.com/drugs/ecstasy-addiction/withdrawal-detox/","0","0","0","0","","Indexable",""
"https://www.columbusrecoverycenter.com/drugs/ecstasy-addiction/symptoms-side-effects/","0","0","0","0","","Indexable",""
"https://www.columbusrecoverycenter.com/drugs/adderall-addiction/symptoms-side-effects/","0","0","0","0","","Indexable",""
"https://www.columbusrecoverycenter.com/drugs/adderall-addiction/treatment-rehab/","0","0","0","0","","Indexable",""
"https://www.columbusrecoverycenter.com/drugs/percocet-addiction/symptoms-side-effects/","0","0","0","0","","Indexable",""
"https://www.columbusrecoverycenter.com/drugs/percocet-addiction/treatment-rehab/","0","0","0","0","","Indexable",""
"https://www.columbusrecoverycenter.com/blog/cdc-report-about-american-opioid-use/","0","0","0","0","","Indexable",""
"https://www.columbusrecoverycenter.com/drugs/methadone-addiction/symptoms-side-effects/","0","0","0","0","","Indexable",""
"https://www.columbusrecoverycenter.com/drugs/methadone-addiction/treatment-rehab/","0","0","0","0","","Indexable",""
"https://www.columbusrecoverycenter.com/drugs/trazodone-addiction/treatment-rehab/","0","0","0","0","","Indexable",""
"https://www.columbusrecoverycenter.com/drugs/methadone-addiction/withdrawal-detox/","0","0","0","0","","Indexable",""
"https://www.columbusrecoverycenter.com/drugs/opiate-addiction/treatment-rehab/","0","0","0","0","","Indexable",""
"https://www.columbusrecoverycenter.com/drugs/valium-addiction/symptoms-side-effects/","0","0","0","0","","Indexable",""
"https://www.columbusrecoverycenter.com/blog/drug-trends-in-columbus-what-you-should-know/","0","0","0","0","","Indexable",""
"https://www.columbusrecoverycenter.com/blog/understanding-ohio-drug-courts/","0","0","0","0","","Indexable",""
"https://www.columbusrecoverycenter.com/blog/stimulants-abuse-and-the-matrix-model-how-it-works-in-ohio-drug-rehab/","0","0","0","0","","Indexable",""
"https://www.columbusrecoverycenter.com/blog/crack-use-on-the-rise-what-cincinnati-residents-should-know/","0","0","0","0","","Indexable",""
"https://www.columbusrecoverycenter.com/blog/do-you-need-a-sponsor-for-addiction-recovery/","0","0","0","0","","Indexable",""
"https://www.columbusrecoverycenter.com/blog/treating-aggression-and-addiction-together-in-ohio-rehab/","0","0","0","0","","Indexable",""
"https://www.columbusrecoverycenter.com/blog/5-great-reasons-not-to-mix-meds/","0","0","0","0","","Indexable",""
"https://www.columbusrecoverycenter.com/blog/category/drug-rehab/page/4/","0","0","0","0","","Non-Indexable","noindex"
"https://www.columbusrecoverycenter.com/blog/dayton-drug-data-reveals-disturbing-trends-in-montgomery-county/","0","0","0","0","","Indexable",""
"https://www.columbusrecoverycenter.com/blog/how-to-find-al-anon-meetings-in-ohio/","0","0","0","0","","Indexable",""
"https://www.columbusrecoverycenter.com/blog/are-12-step-programs-really-effective-in-ohio/","0","0","0","0","","Indexable",""
"https://www.columbusrecoverycenter.com/blog/category/drug-rehab/page/6/","0","0","0","0","","Non-Indexable","noindex"
"https://www.columbusrecoverycenter.com/blog/category/drug-rehab/page/7/","0","0","0","0","","Non-Indexable","noindex"
"https://www.columbusrecoverycenter.com/blog/addiction-trends-ohio-seniors-with-suds-on-the-rise/","0","0","0","0","","Indexable",""
"https://www.columbusrecoverycenter.com/blog/5-top-risk-factors-for-opioid-addiction-in-columbus/","0","0","0","0","","Indexable",""
"https://www.columbusrecoverycenter.com/blog/ohio-residents-ask-are-anabolic-steroids-addictive/","0","0","0","0","","Indexable",""
"https://www.columbusrecoverycenter.com/blog/5-common-types-of-behavioral-addiction/","0","0","0","0","","Indexable",""
"https://www.columbusrecoverycenter.com/blog/how-does-an-ohio-arise-intervention-work/","0","0","0","0","","Indexable",""
"https://www.columbusrecoverycenter.com/blog/will-new-public-awareness-campaign-curb-addiction-in-ohio/","0","0","0","0","","Indexable",""
"https://www.columbusrecoverycenter.com/blog/tag/rehab/page/5/","0","0","0","0","","Non-Indexable","noindex"
"https://www.columbusrecoverycenter.com/blog/tag/ohio/page/5/","0","0","0","0","","Non-Indexable","noindex"
"https://www.columbusrecoverycenter.com/blog/tag/rehab/page/4/","0","0","0","0","","Non-Indexable","noindex"
"https://www.columbusrecoverycenter.com/blog/tag/ohio/page/6/","0","0","0","0","","Non-Indexable","noindex"
"https://www.columbusrecoverycenter.com/blog/deal-addicted-spouse-ohio/","0","0","0","0","","Indexable",""
"https://www.columbusrecoverycenter.com/blog/tag/ohio/page/4/","0","0","0","0","","Non-Indexable","noindex"
"https://www.columbusrecoverycenter.com/blog/ohio-residents-know-adderall-addiction/","0","0","0","0","","Indexable",""
"https://www.columbusrecoverycenter.com/blog/what-happens-in-ohio-medical-detox/","0","0","0","0","","Indexable",""
"https://www.columbusrecoverycenter.com/blog/can-gaming-addiction-treated/","0","0","0","0","","Indexable",""
"https://www.columbusrecoverycenter.com/blog/ohio-residents-ask-can-really-get-addicted-heroin-just-one-use/","0","0","0","0","","Indexable",""
"https://www.columbusrecoverycenter.com/blog/heroin-wrecks-body-ohio/","0","0","0","0","","Indexable",""
"https://www.columbusrecoverycenter.com/blog/alcohol-abuse-addiction-ohio/","0","0","0","0","","Indexable",""
"https://www.columbusrecoverycenter.com/blog/rapid-detox-safe-ohio-drug-rehab/","0","0","0","0","","Indexable",""
"https://www.columbusrecoverycenter.com/blog/combating-stigma-against-substance-misuse/","0","0","0","0","","Indexable",""
"https://www.columbusrecoverycenter.com/blog/using-alcohol-to-ease-chronic-pain-why-its-a-bad-idea-in-ohio/","0","0","0","0","","Indexable",""
"https://www.columbusrecoverycenter.com/blog/should-ohio-moms-to-be-smoke-pot/","0","0","0","0","","Indexable",""
"https://www.columbusrecoverycenter.com/blog/handling-a-friends-relapse/","0","0","0","0","","Indexable",""
"https://www.columbusrecoverycenter.com/blog/can-your-employer-force-you-to-take-a-drug-test/","0","0","0","0","","Indexable",""
"https://www.columbusrecoverycenter.com/blog/new-ohio-opioid-workplace-safety-program/","0","0","0","0","","Indexable",""
"https://www.columbusrecoverycenter.com/blog/tag/addiction/page/2/","0","0","0","0","","Non-Indexable","noindex"
"https://www.columbusrecoverycenter.com/blog/can-you-meditate-your-way-out-of-addiction/","0","0","0","0","","Indexable",""
"https://www.columbusrecoverycenter.com/blog/ohio-kids-flood-foster-care-system-as-opioid-addiction-rates-rise/","0","0","0","0","","Indexable",""
"https://www.columbusrecoverycenter.com/blog/tag/addiction/page/3/","0","0","0","0","","Non-Indexable","noindex"
"https://www.columbusrecoverycenter.com/blog/neurofeedback-addiction-recovery/","0","0","0","0","","Indexable",""
"https://www.columbusrecoverycenter.com/blog/butler-county-drug-trafficking/","0","0","0","0","","Indexable",""
"https://www.columbusrecoverycenter.com/blog/successful-addiction-recovery-is-a-journey/","0","0","0","0","","Indexable",""
"https://www.columbusrecoverycenter.com/blog/tag/addiction/page/4/","0","0","0","0","","Non-Indexable","noindex"
"https://www.columbusrecoverycenter.com/the-dangers-of-drugged-driving/","0","0","0","0","","Indexable",""
"https://www.columbusrecoverycenter.com/blog/amendment-petition-may-help-ohio-addicts-get-treatment-instead-jail-time/","0","0","0","0","","Indexable",""
"https://www.columbusrecoverycenter.com/blog/new-billboard-campaign-set-get-ohioans-talking-substance-abuse/","0","0","0","0","","Indexable",""
"https://www.columbusrecoverycenter.com/blog/ohio-rehab-romance-might-want-think-twice/","0","0","0","0","","Indexable",""
"https://www.columbusrecoverycenter.com/blog/ohio-sober-houses-work/","0","0","0","0","","Indexable",""
"https://www.columbusrecoverycenter.com/blog/ohio-universities-concerned-binge-drinking-among-students/","0","0","0","0","","Indexable",""
"https://www.columbusrecoverycenter.com/blog/former-ohio-state-neurosurgeon-spearheading-use-brain-imaging-addiction-treatment/","0","0","0","0","","Indexable",""
"https://www.columbusrecoverycenter.com/blog/addiction-mental-illness-two-go-hand-hand-ohio/","0","0","0","0","","Indexable",""
"https://www.columbusrecoverycenter.com/blog/force-person-addiction-treatment/","0","0","0","0","","Indexable",""
"https://www.columbusrecoverycenter.com/blog/fight-food-addiction/","0","0","0","0","","Indexable",""
"https://www.columbusrecoverycenter.com/recovery-blog/page/19/","0","0","0","0","","Indexable",""
"https://www.columbusrecoverycenter.com/drugs/effexor-addiction/treatment-rehab/","0","0","0","0","","Indexable",""
"https://www.columbusrecoverycenter.com/drugs/trazodone-addiction/symptoms-side-effects/","0","0","0","0","","Indexable",""
"https://www.columbusrecoverycenter.com/blog/heavy-alcohol-abuse-and-dts-what-ohio-drinkers-should-know/","0","0","0","0","","Indexable",""
"https://www.columbusrecoverycenter.com/blog/alcohol-detox-dangerous-to-do-alone/","0","0","0","0","","Indexable",""
"https://www.columbusrecoverycenter.com/help-teen-with-mental-health-issues/","0","0","0","0","","Indexable",""
"https://www.columbusrecoverycenter.com/drugs/amphetamines-addiction/","0","0","0","0","","Indexable",""
"https://www.columbusrecoverycenter.com/recovery-blog/page/6/","0","0","0","0","","Indexable",""
"https://www.columbusrecoverycenter.com/drugs/suboxone-addiction/treatment-rehab/","0","0","0","0","","Indexable",""
"https://www.columbusrecoverycenter.com/drugs/suboxone-addiction/withdrawal-detox/","0","0","0","0","","Indexable",""
"https://www.columbusrecoverycenter.com/drugs/suboxone-addiction/symptoms-side-effects/","0","0","0","0","","Indexable",""
"https://www.columbusrecoverycenter.com/blog/8-milestones-to-celebrate-recovery/","0","0","0","0","","Indexable",""
"https://www.columbusrecoverycenter.com/blog/reduce-dementia-risk-ohio-alcohol-rehab/","0","0","0","0","","Indexable",""
"https://www.columbusrecoverycenter.com/blog/when-does-gaming-become-a-problem/","0","0","0","0","","Indexable",""
"https://www.columbusrecoverycenter.com/blog/ohio-residents-turn-to-non-opioid-pain-management-strategies/","0","0","0","0","","Indexable",""
"https://www.columbusrecoverycenter.com/blog/achieving-emotional-sobriety-after-rehab/","0","0","0","0","","Indexable",""
"https://www.columbusrecoverycenter.com/blog/yoga-in-addiction-recovery/","0","0","0","0","","Indexable",""
"https://www.columbusrecoverycenter.com/blog/will-ohio-get-additional-funding-for-needle-exchange-programs/","0","0","0","0","","Indexable",""
"https://www.columbusrecoverycenter.com/blog/heroin-withdrawal-what-to-expect/","0","0","0","0","","Indexable",""
"https://www.columbusrecoverycenter.com/blog/bariatric-surgery-alcohol-misuse/","0","0","0","0","","Indexable",""
"https://www.columbusrecoverycenter.com/blog/pdmps-opioid-crisis/","0","0","0","0","","Indexable",""
"https://www.columbusrecoverycenter.com/blog/signs-klonopin-addiction/","0","0","0","0","","Indexable",""
"https://www.columbusrecoverycenter.com/blog/cdc-overdose-report-2018/","0","0","0","0","","Indexable",""
"https://www.columbusrecoverycenter.com/blog/rock-bottom-myth/","0","0","0","0","","Indexable",""
"https://www.columbusrecoverycenter.com/blog/managing-anger-in-recovery/","0","0","0","0","","Indexable",""
"https://www.columbusrecoverycenter.com/blog/what-is-lifering-and-how-does-it-help-ohio-addicts/","0","0","0","0","","Indexable",""
"https://www.columbusrecoverycenter.com/blog/vicodin-and-alcohol/","0","0","0","0","","Indexable",""
"https://www.columbusrecoverycenter.com/blog/mental-illness-addiction-veterans/","0","0","0","0","","Indexable",""
"https://www.columbusrecoverycenter.com/blog/collaborative-care/","0","0","0","0","","Indexable",""
"https://www.columbusrecoverycenter.com/blog/crack-addictiveness/","0","0","0","0","","Indexable",""
"https://www.columbusrecoverycenter.com/blog/vitamins-addiction-recovery/","0","0","0","0","","Indexable",""
"https://www.columbusrecoverycenter.com/blog/steroids-brain/","0","0","0","0","","Indexable",""
"https://www.columbusrecoverycenter.com/blog/dangers-of-valium/","0","0","0","0","","Indexable",""
"https://www.columbusrecoverycenter.com/blog/effects-of-adderall/","0","0","0","0","","Indexable",""
"https://www.columbusrecoverycenter.com/blog/category/uncategorized/page/6/","0","0","0","0","","Non-Indexable","noindex"
"https://www.columbusrecoverycenter.com/blog/victim-mentality/","0","0","0","0","","Indexable",""
"https://www.columbusrecoverycenter.com/blog/signs-hydrocodone-addiction/","0","0","0","0","","Indexable",""
"https://www.columbusrecoverycenter.com/blog/exercise-in-recovery/","0","0","0","0","","Indexable",""
"https://www.columbusrecoverycenter.com/blog/benzos-addictive/","0","0","0","0","","Indexable",""
"https://www.columbusrecoverycenter.com/blog/is-kratom-addictive/","0","0","0","0","","Indexable",""
"https://www.columbusrecoverycenter.com/blog/longevity-of-methadone-in-system/","0","0","0","0","","Indexable",""
"https://www.columbusrecoverycenter.com/blog/county-offers-free-fentanyl-strips-decrease-overdoses/","0","0","0","0","","Indexable",""
"https://www.columbusrecoverycenter.com/blog/michigan-offers-free-nicotine-patches-gum/","0","0","0","0","","Indexable",""
"https://www.columbusrecoverycenter.com/blog/should-pharma-pay-opioid-epidemic/","0","0","0","0","","Indexable",""
"https://www.columbusrecoverycenter.com/blog/category/uncategorized/page/5/","0","0","0","0","","Non-Indexable","noindex"
"https://www.columbusrecoverycenter.com/blog/narcan-carried-delta-flights-after-passenger-opiate-overdose/","0","0","0","0","","Indexable",""
"https://www.columbusrecoverycenter.com/blog/ohio-addiction-treatment-over-incarceration/","0","0","0","0","","Indexable",""
"https://www.columbusrecoverycenter.com/blog/meth-epidemic-under-radar-due-to-marijuana-legalization-opioid-crisis/","0","0","0","0","","Indexable",""
"https://www.columbusrecoverycenter.com/blog/illinois-to-expunge-800000-marijuana-convictions/","0","0","0","0","","Indexable",""
"https://www.columbusrecoverycenter.com/facts-drugs/","0","0","0","0","","Indexable",""
"https://www.columbusrecoverycenter.com/recovery-blog/cuyahoga-county-test-detects-fentanyl/","0","0","0","0","","Indexable",""
"https://www.columbusrecoverycenter.com/blog/medicine-jail-help-inmates-addiction/","0","0","0","0","","Indexable",""
"https://www.columbusrecoverycenter.com/drugs/oxycontin-addiction/withdrawal-detox/","0","0","0","0","","Indexable",""
"https://www.columbusrecoverycenter.com/blog/tag/recovery/","0","0","0","0","","Non-Indexable","noindex"
"https://www.columbusrecoverycenter.com/blog/tag/detox/","0","0","0","0","","Non-Indexable","noindex"
"https://www.columbusrecoverycenter.com/blog/4-benefits-ohio-drug-rehab/","0","0","0","0","","Indexable",""
"https://www.columbusrecoverycenter.com/blog/understanding-tolerance-dependence-addiction-columbus-rehab/","0","0","0","0","","Indexable",""
"https://www.columbusrecoverycenter.com/blog/4-reasons-find-aftercare-support/","0","0","0","0","","Indexable",""
"https://www.columbusrecoverycenter.com/blog/ohio-hospitals-team-addiction-treatment-providers-address-crisis/","0","0","0","0","","Indexable",""
"https://www.columbusrecoverycenter.com/blog/ohio-couple-turn-activism-devastating-opioid-losses/","0","0","0","0","","Indexable",""
"https://www.columbusrecoverycenter.com/steroid-abuse/","0","0","0","0","","Indexable",""
"https://www.columbusrecoverycenter.com/blog/gabapentin-abuse-ohio-know/","0","0","0","0","","Indexable",""
"https://www.columbusrecoverycenter.com/blog/developing-self-awareness-in-drug-rehab/","0","0","0","0","","Indexable",""
"https://www.columbusrecoverycenter.com/blog/ohioans-know-crack-detox/","0","0","0","0","","Indexable",""
"https://www.columbusrecoverycenter.com/blog/category/drug-rehab/page/5/","0","0","0","0","","Non-Indexable","noindex"
"https://www.columbusrecoverycenter.com/blog/ohio-county-court-recognizes-link-addiction-mental-illness/","0","0","0","0","","Indexable",""
"https://www.columbusrecoverycenter.com/blog/tag/heroin/","0","0","0","0","","Non-Indexable","noindex"
"https://www.columbusrecoverycenter.com/drugs/klonopin-addiction/symptoms-side-effects/","0","0","0","0","","Indexable",""
"https://www.columbusrecoverycenter.com/recovery-blog/page/7/","0","0","0","0","","Indexable",""
"https://www.columbusrecoverycenter.com/drugs/amphetamines-addiction/withdrawal-detox/","0","0","0","0","","Indexable",""
"https://www.columbusrecoverycenter.com/drugs/amphetamines-addiction/symptoms-side-effects/","0","0","0","0","","Indexable",""
"https://www.columbusrecoverycenter.com/blog/handle-stress-without-drugs-alcohol/","0","0","0","0","","Indexable",""
"https://www.columbusrecoverycenter.com/blog/whats-ohioans-know-opioids-hearing-loss/","0","0","0","0","","Indexable",""
"https://www.columbusrecoverycenter.com/recovery-blog/page/18/","0","0","0","0","","Indexable",""
"https://www.columbusrecoverycenter.com/blog/will-changes-medicaid-affect-ohio-drug-rehab-patients/","0","0","0","0","","Indexable",""
"https://www.columbusrecoverycenter.com/blog/long-term-effects-of-kratom-on-body/","0","0","0","0","","Indexable",""
"https://www.columbusrecoverycenter.com/blog/salvia-abuse-treatment/","0","0","0","0","","Indexable",""
"https://www.columbusrecoverycenter.com/blog/norco-side-effects/","0","0","0","0","","Indexable",""
"https://www.columbusrecoverycenter.com/blog/how-long-are-opiates-in-your-system/","0","0","0","0","","Indexable",""
"https://www.columbusrecoverycenter.com/blog/is-kratom-legal/","0","0","0","0","","Indexable",""
"https://www.columbusrecoverycenter.com/blog/salvia-abuse-symptoms-and-side-effects/","0","0","0","0","","Indexable",""
"https://www.columbusrecoverycenter.com/blog/treating-addiction-and-brain-injury/","0","0","0","0","","Indexable",""
"https://www.columbusrecoverycenter.com/blog/xanax-and-norco/","0","0","0","0","","Indexable",""
"https://www.columbusrecoverycenter.com/blog/identify-and-treat-a-valium-overdose/","0","0","0","0","","Indexable",""
"https://www.columbusrecoverycenter.com/blog/addiction-recovery-quotes/","0","0","0","0","","Indexable",""
"https://www.columbusrecoverycenter.com/blog/what-to-do-for-amphetamine-overdose/","0","0","0","0","","Indexable",""
"https://www.columbusrecoverycenter.com/blog/what-is-the-kindling-effect/","0","0","0","0","","Indexable",""
"https://www.columbusrecoverycenter.com/blog/a-look-at-ohios-drug-and-human-trafficking-problem/","0","0","0","0","","Indexable",""
"https://www.columbusrecoverycenter.com/blog/adderall-misuse/","0","0","0","0","","Indexable",""
"https://www.columbusrecoverycenter.com/blog/what-is-meloxicam/","0","0","0","0","","Indexable",""
"https://www.columbusrecoverycenter.com/recovery-blog/page/17/","0","0","0","0","","Indexable",""
"https://www.columbusrecoverycenter.com/recovery-blog/page/8/","0","0","0","0","","Indexable",""
"https://www.columbusrecoverycenter.com/recovery-blog/page/9/","0","0","0","0","","Indexable",""
"https://www.columbusrecoverycenter.com/recovery-blog/page/16/","0","0","0","0","","Indexable",""
"https://www.columbusrecoverycenter.com/recovery-blog/page/15/","0","0","0","0","","Indexable",""
"https://www.columbusrecoverycenter.com/recovery-blog/page/10/","0","0","0","0","","Indexable",""
"https://www.columbusrecoverycenter.com/drugs/klonopin-addiction/withdrawal-detox/","0","0","0","0","","Indexable",""
"https://www.columbusrecoverycenter.com/recovery-blog/page/11/","0","0","0","0","","Indexable",""
"https://www.columbusrecoverycenter.com/recovery-blog/page/14/","0","0","0","0","","Indexable",""
"https://www.columbusrecoverycenter.com/recovery-blog/page/12/","0","0","0","0","","Indexable",""
"https://www.columbusrecoverycenter.com/recovery-blog/page/13/","0","0","0","0","","Indexable",""
